chr1	1108885
chr1	4423009
chr1	6957573
chr1	7977436
chr1	10324118
chr1	10373257
chr1	10581746
chr1	11060145
chr1	12182562
chr1	14057043
chr1	15328047
chr1	15809313
chr1	15957348
chr1	17768315
chr1	18624598
chr1	19879199
chr1	21196898
chr1	22344914
chr1	22992252
chr1	24070983
chr1	25892555
chr1	28312986
chr1	28410088
chr1	28651266
chr1	29413258
chr1	30857542
chr1	32116189
chr1	34044524
chr1	35938634
chr1	37512495
chr1	37840684
chr1	42251451
chr1	42650497
chr1	42944628
chr1	44888473
chr1	44968047
chr1	46816581
chr1	47158095
chr1	47686733
chr1	48277064
chr1	50983172
chr1	53313386
chr1	54191092
chr1	54252518
chr1	55643658
chr1	56244343
chr1	56519746
chr1	57639286
chr1	57780268
chr1	61698557
chr1	61830467
chr1	63785497
chr1	67371416
chr1	69211005
chr1	69410916
chr1	71062040
chr1	73716474
chr1	76103106
chr1	76483933
chr1	77214540
chr1	77329605
chr1	78793885
chr1	81575434
chr1	81736142
chr1	83932941
chr1	85335968
chr1	87632704
chr1	87847142
chr1	89731666
chr1	90272330
chr1	90630261
chr1	91840380
chr1	95221952
chr1	97006117
chr1	99841130
chr1	109427531
chr1	109510740
chr1	111355194
chr1	116999626
chr1	145886869
chr1	146003010
chr1	150284003
chr1	153134979
chr1	153934802
chr1	154204091
chr1	155416910
chr1	155568827
chr1	155964892
chr1	155974852
chr1	156872544
chr1	159697400
chr1	160900260
chr1	161753756
chr1	163259159
chr1	163506020
chr1	164020157
chr1	164339440
chr1	164823394
chr1	165406174
chr1	165758733
chr1	168236880
chr1	168311365
chr1	168731533
chr1	169637995
chr1	170006043
chr1	170011467
chr1	171256272
chr1	176128004
chr1	178975694
chr1	179585401
chr1	180736071
chr1	181898894
chr1	182286188
chr1	182786771
chr1	185506404
chr1	186489865
chr1	189204818
chr1	189593415
chr1	189706804
chr1	190549885
chr1	191101078
chr1	191608583
chr1	191881143
chr1	192531355
chr1	194148847
chr1	197336441
chr1	198501580
chr1	198556068
chr1	198561900
chr1	199904468
chr1	201128790
chr1	204400747
chr1	206452351
chr1	207682960
chr1	209314914
chr1	209345250
chr1	210745034
chr1	214754012
chr1	216439725
chr1	217971366
chr1	218449456
chr1	220577272
chr1	220620361
chr1	221986026
chr1	223624713
chr1	223788072
chr1	225765529
chr1	226523146
chr1	226973181
chr1	227438961
chr1	227800875
chr1	231260370
chr1	233573143
chr1	233725412
chr1	235179706
chr1	240755458
chr1	241160125
chr1	242521617
chr1	244755352
chr1	245369195
chr1	245938886
chr1	246490977
chr1	246852349
chr1	247605434
chr1	248193596
chr10	1102237
chr10	1304994
chr10	3475630
chr10	4863651
chr10	5576278
chr10	6773154
chr10	6975935
chr10	7409094
chr10	7513154
chr10	13927252
chr10	14871802
chr10	15649615
chr10	16683160
chr10	17412732
chr10	19718108
chr10	20822652
chr10	21664944
chr10	22542312
chr10	24593590
chr10	28685609
chr10	29401172
chr10	31846899
chr10	32150509
chr10	33800036
chr10	36617511
chr10	44094660
chr10	44911885
chr10	45438485
chr10	48617096
chr10	48826941
chr10	51735687
chr10	52077531
chr10	52383707
chr10	53316020
chr10	55090383
chr10	56698918
chr10	57217105
chr10	57296745
chr10	57534849
chr10	62280461
chr10	64563304
chr10	64751291
chr10	65105430
chr10	65618435
chr10	65665973
chr10	66484385
chr10	68865140
chr10	69792660
chr10	70281002
chr10	70583044
chr10	72065597
chr10	72145501
chr10	75099571
chr10	78029612
chr10	80168179
chr10	81283136
chr10	81672601
chr10	86571118
chr10	87378698
chr10	87689296
chr10	87709326
chr10	88107199
chr10	88389545
chr10	89236745
chr10	89555467
chr10	93160337
chr10	93341280
chr10	96539300
chr10	97794664
chr10	101872250
chr10	102869497
chr10	102871727
chr10	103646997
chr10	105145898
chr10	105468239
chr10	105827904
chr10	107390599
chr10	107873378
chr10	111337678
chr10	111809909
chr10	115180051
chr10	116253614
chr10	117366592
chr10	117940936
chr10	119816107
chr10	121321271
chr10	121892241
chr10	122429494
chr10	123902493
chr10	124251487
chr10	124629288
chr10	127995823
chr10	129314252
chr10	129665128
chr10	130142784
chr10	131758413
chr10	131809259
chr11	579254
chr11	1191564
chr11	1765074
chr11	2097108
chr11	2521029
chr11	2656681
chr11	5100109
chr11	7530294
chr11	10043582
chr11	10249692
chr11	12969606
chr11	13391432
chr11	15752600
chr11	17192999
chr11	17368303
chr11	19990919
chr11	22316231
chr11	22475915
chr11	23402531
chr11	23739102
chr11	24705933
chr11	25503085
chr11	27097188
chr11	27204752
chr11	28332936
chr11	28803042
chr11	30978779
chr11	31261391
chr11	31560684
chr11	32454312
chr11	33369632
chr11	33375791
chr11	33991828
chr11	37387843
chr11	38111187
chr11	38641887
chr11	39460181
chr11	39495411
chr11	39622372
chr11	41480329
chr11	41905740
chr11	43403743
chr11	44558852
chr11	45087719
chr11	55287966
chr11	56498565
chr11	58139864
chr11	58648356
chr11	59483771
chr11	60612446
chr11	60626176
chr11	61689570
chr11	62447708
chr11	62498404
chr11	65179743
chr11	65567636
chr11	66625777
chr11	68908842
chr11	72215980
chr11	73908329
chr11	74483605
chr11	75950963
chr11	78153631
chr11	78194106
chr11	79280037
chr11	79729323
chr11	82684215
chr11	84770643
chr11	86770160
chr11	88722975
chr11	92941040
chr11	93617981
chr11	97564030
chr11	99033403
chr11	99500129
chr11	99732418
chr11	99815237
chr11	101930194
chr11	102353679
chr11	103739330
chr11	103836467
chr11	103950571
chr11	106114065
chr11	106741487
chr11	109337711
chr11	112028650
chr11	113390735
chr11	113868421
chr11	115294391
chr11	115388570
chr11	115553819
chr11	115831705
chr11	116592594
chr11	117877437
chr11	122836537
chr11	123043900
chr11	123625973
chr11	125432250
chr11	126019925
chr11	126582825
chr11	127129270
chr11	127323866
chr11	128055586
chr11	128386123
chr11	128581385
chr11	128642436
chr11	129062906
chr11	130015761
chr11	130560474
chr11	131519274
chr11	132923092
chr11	134154547
chr11	134722826
chr12	583142
chr12	585474
chr12	647435
chr12	4251189
chr12	4455993
chr12	6491162
chr12	9019580
chr12	10260091
chr12	11444248
chr12	12560946
chr12	13000192
chr12	14972480
chr12	15548202
chr12	17674153
chr12	18197211
chr12	18519708
chr12	21483073
chr12	22442671
chr12	24611384
chr12	26421589
chr12	26827266
chr12	28945728
chr12	30834293
chr12	30987910
chr12	32542155
chr12	33423303
chr12	39898502
chr12	41471721
chr12	43890698
chr12	45149696
chr12	46989776
chr12	47750851
chr12	47969470
chr12	49343756
chr12	51702656
chr12	51802405
chr12	52675438
chr12	53246246
chr12	53964844
chr12	54592833
chr12	56500935
chr12	56698242
chr12	57879445
chr12	58605798
chr12	58775556
chr12	59086738
chr12	59825101
chr12	60684626
chr12	61155870
chr12	63104981
chr12	63561720
chr12	66191272
chr12	67569144
chr12	68806995
chr12	70418388
chr12	70529935
chr12	76181201
chr12	76549921
chr12	78385659
chr12	78845948
chr12	79287547
chr12	80996069
chr12	81968092
chr12	82640221
chr12	83260478
chr12	84774225
chr12	85490085
chr12	85640293
chr12	87198501
chr12	87202248
chr12	87777667
chr12	88700959
chr12	88863880
chr12	90659901
chr12	90693162
chr12	91534880
chr12	92543588
chr12	93164851
chr12	93191252
chr12	93824421
chr12	96553475
chr12	98757939
chr12	98911102
chr12	99058999
chr12	99060198
chr12	99948378
chr12	100475124
chr12	100673988
chr12	101647576
chr12	102072054
chr12	102629318
chr12	103155671
chr12	104312951
chr12	104961099
chr12	105568942
chr12	107322715
chr12	108611752
chr12	109016744
chr12	109867991
chr12	110657508
chr12	110708850
chr12	110858110
chr12	111191306
chr12	111877130
chr12	112129193
chr12	113091444
chr12	113575511
chr12	114621316
chr12	114958445
chr12	117058745
chr12	117321978
chr12	117605387
chr12	117875333
chr12	119849675
chr12	120548660
chr12	122257426
chr12	123770487
chr12	125138904
chr12	125344849
chr12	125461272
chr12	125527472
chr12	126547841
chr12	127004309
chr12	130517269
chr12	131124652
chr12	131774749
chr12	132177711
chr12	132333026
chr12	132436289
chr12	132909953
chr12	132945566
chr12	133003257
chr12	133109483
chr13	18984545
chr13	19648755
chr13	19903846
chr13	20847357
chr13	21020146
chr13	23047013
chr13	23481742
chr13	24114358
chr13	25276043
chr13	26035759
chr13	28257687
chr13	34739998
chr13	40041051
chr13	40564945
chr13	41716647
chr13	44127626
chr13	44819571
chr13	45207005
chr13	46093638
chr13	48191029
chr13	50102777
chr13	50336389
chr13	50352541
chr13	50959129
chr13	53504010
chr13	55395857
chr13	55700358
chr13	55901171
chr13	56264101
chr13	58118191
chr13	61387280
chr13	62055972
chr13	62940746
chr13	63541732
chr13	68052912
chr13	68996208
chr13	73392543
chr13	73829700
chr13	74767256
chr13	76932800
chr13	77068408
chr13	77316703
chr13	79001009
chr13	81001591
chr13	81658351
chr13	82226206
chr13	83352144
chr13	85063786
chr13	85776658
chr13	85885870
chr13	85947860
chr13	86808334
chr13	86892025
chr13	88040845
chr13	88256313
chr13	88447389
chr13	88755853
chr13	88910920
chr13	90461287
chr13	90503620
chr13	91070716
chr13	91548633
chr13	92674540
chr13	92751746
chr13	94096983
chr13	95693630
chr13	97712203
chr13	99114660
chr13	99244371
chr13	99895270
chr13	100169214
chr13	102369997
chr13	105438511
chr13	105703285
chr13	106277555
chr13	106394559
chr13	106424252
chr13	107467321
chr13	108774109
chr13	111622231
chr13	112445297
chr13	112926456
chr14	22938569
chr14	25207110
chr14	25890669
chr14	26762748
chr14	27928585
chr14	28852675
chr14	29679725
chr14	30479184
chr14	31512045
chr14	31940876
chr14	32257736
chr14	32653634
chr14	32899152
chr14	32989666
chr14	33498712
chr14	36606158
chr14	36735472
chr14	37558038
chr14	38666337
chr14	41779819
chr14	42606618
chr14	43673919
chr14	44806268
chr14	47528993
chr14	47666262
chr14	48725581
chr14	51482674
chr14	53981629
chr14	54338575
chr14	54367902
chr14	55839344
chr14	56637853
chr14	56684871
chr14	56688259
chr14	58523719
chr14	59358836
chr14	59522965
chr14	59575031
chr14	59837045
chr14	61081181
chr14	61971349
chr14	62473902
chr14	63064019
chr14	63154639
chr14	64263303
chr14	65818835
chr14	66025178
chr14	66603841
chr14	66827604
chr14	66965880
chr14	67165448
chr14	70813501
chr14	70922758
chr14	71012818
chr14	71167765
chr14	72942603
chr14	73074702
chr14	73738495
chr14	74870441
chr14	75181551
chr14	76037176
chr14	77768453
chr14	78532150
chr14	79712671
chr14	80158266
chr14	83076990
chr14	85508419
chr14	86082133
chr14	86136714
chr14	87472678
chr14	88421947
chr14	90778590
chr14	91403550
chr14	91477951
chr14	94051187
chr14	95682137
chr14	96975595
chr14	97848969
chr14	98657938
chr14	98726764
chr14	98866833
chr14	100641207
chr14	101160035
chr14	101593680
chr14	101918139
chr14	102079847
chr14	104656701
chr14	104779614
chr15	23641146
chr15	23920393
chr15	23968468
chr15	26460401
chr15	27767669
chr15	30271293
chr15	31173862
chr15	33822017
chr15	33857919
chr15	35717483
chr15	39189108
chr15	41327816
chr15	41759704
chr15	42507889
chr15	43005378
chr15	44071425
chr15	46599915
chr15	49321224
chr15	49457877
chr15	50589847
chr15	50654564
chr15	50747694
chr15	51864264
chr15	51961755
chr15	56187560
chr15	57208033
chr15	58467764
chr15	58482418
chr15	58840193
chr15	59193064
chr15	59205509
chr15	59431532
chr15	59634922
chr15	60605223
chr15	61102913
chr15	62400812
chr15	63589953
chr15	64591430
chr15	64667712
chr15	68766894
chr15	70390403
chr15	71510937
chr15	73541259
chr15	74259259
chr15	79271216
chr15	83076277
chr15	84046191
chr15	84632519
chr15	85422798
chr15	85711010
chr15	85791987
chr15	90153625
chr15	90997960
chr15	91896703
chr15	93538708
chr15	94987434
chr15	95666125
chr15	98467626
chr15	98550449
chr15	99742361
chr15	100474413
chr15	101641272
chr16	139212
chr16	3789705
chr16	3998217
chr16	4114363
chr16	4400797
chr16	4530033
chr16	4784589
chr16	7273770
chr16	16701989
chr16	17861938
chr16	20069278
chr16	20715000
chr16	21128386
chr16	23582565
chr16	24161628
chr16	26868253
chr16	27328205
chr16	28642107
chr16	29636772
chr16	47115919
chr16	48013690
chr16	48573108
chr16	48578996
chr16	48689581
chr16	48713807
chr16	50330906
chr16	50932555
chr16	52349986
chr16	53474301
chr16	53589868
chr16	56763503
chr16	56765973
chr16	56846493
chr16	59059096
chr16	59175045
chr16	62850249
chr16	63356678
chr16	64128460
chr16	64658443
chr16	64688237
chr16	67059957
chr16	67152042
chr16	67341007
chr16	68663225
chr16	68732051
chr16	68798078
chr16	69090716
chr16	69134485
chr16	70265687
chr16	70453320
chr16	70502526
chr16	70559921
chr16	70884680
chr16	71135725
chr16	71960227
chr16	73287848
chr16	74151031
chr16	75574802
chr16	78165962
chr16	80978072
chr16	82757476
chr16	86006101
chr16	86009418
chr16	86723353
chr16	86852264
chr16	87692548
chr16	88052433
chr16	88961618
chr16	89293563
chr16	89811726
chr17	1019470
chr17	1238301
chr17	2103710
chr17	4066839
chr17	4076137
chr17	4333986
chr17	4373263
chr17	4436514
chr17	5008335
chr17	5347410
chr17	6317116
chr17	6528979
chr17	6593285
chr17	7893969
chr17	7955411
chr17	9173538
chr17	12418639
chr17	12883175
chr17	13654379
chr17	14448571
chr17	15799465
chr17	19966647
chr17	20684367
chr17	20934974
chr17	20938519
chr17	27300163
chr17	28245826
chr17	28279225
chr17	28798449
chr17	28810439
chr17	29013261
chr17	29534928
chr17	30357010
chr17	31701763
chr17	32371462
chr17	33098978
chr17	34300631
chr17	34571715
chr17	35727022
chr17	35971897
chr17	39354927
chr17	40550247
chr17	45191708
chr17	45212081
chr17	47251743
chr17	49159334
chr17	49888833
chr17	51442424
chr17	51464401
chr17	51917312
chr17	52691892
chr17	52949350
chr17	53022735
chr17	56743595
chr17	57134137
chr17	59821539
chr17	59889381
chr17	62251189
chr17	63864419
chr17	64288119
chr17	65749760
chr17	68992825
chr17	74437629
chr17	74591025
chr17	75620366
chr17	76111909
chr17	77454023
chr17	77548495
chr17	78422487
chr17	79038075
chr17	80305889
chr17	81222296
chr17	82482420
chr17	83154966
chr18	371505
chr18	910878
chr18	4082753
chr18	4243248
chr18	7002413
chr18	7419636
chr18	8178804
chr18	11062869
chr18	11733176
chr18	24367646
chr18	26453820
chr18	27893517
chr18	28688550
chr18	28702906
chr18	30147537
chr18	31884408
chr18	32025664
chr18	33167866
chr18	34397606
chr18	34844555
chr18	35059042
chr18	35821285
chr18	37540929
chr18	41140264
chr18	42080458
chr18	42339844
chr18	45430541
chr18	47058615
chr18	47080625
chr18	47274316
chr18	47696893
chr18	48699392
chr18	49656027
chr18	50494926
chr18	50807510
chr18	54278332
chr18	55756067
chr18	56826056
chr18	58001642
chr18	59741456
chr18	59832888
chr18	60085571
chr18	61016266
chr18	61473547
chr18	61691469
chr18	62210629
chr18	63045765
chr18	64305765
chr18	66662374
chr18	67994196
chr18	74794413
chr18	76834978
chr18	77233537
chr18	78928525
chr18	79483083
chr18	79585949
chr18	79910264
chr19	1455934
chr19	1766441
chr19	3556885
chr19	3603930
chr19	3605819
chr19	3964439
chr19	6400833
chr19	6442171
chr19	6929521
chr19	8100039
chr19	8210022
chr19	8214961
chr19	8466472
chr19	8841028
chr19	9123725
chr19	10119050
chr19	10147263
chr19	11092202
chr19	11224190
chr19	12859051
chr19	13579082
chr19	14319542
chr19	15225777
chr19	16985342
chr19	20091731
chr19	21115881
chr19	21912711
chr19	22057507
chr19	22320845
chr19	23115687
chr19	23380876
chr19	28575545
chr19	30286544
chr19	30666390
chr19	32209439
chr19	33548372
chr19	34641648
chr19	35141261
chr19	35230965
chr19	36392355
chr19	37992060
chr19	39930956
chr19	39957542
chr19	40298908
chr19	41700236
chr19	43153081
chr19	43602205
chr19	44642557
chr19	44668559
chr19	45141963
chr19	45496083
chr19	46409147
chr19	48605019
chr19	49453203
chr19	49819354
chr19	50249263
chr19	51197592
chr19	51541769
chr19	51572647
chr19	52079050
chr19	52393067
chr19	52480900
chr19	52756992
chr19	55169933
chr19	55225293
chr19	56084036
chr2	436888
chr2	583089
chr2	827147
chr2	1184352
chr2	2690201
chr2	5629420
chr2	6405946
chr2	6649720
chr2	7141888
chr2	8157447
chr2	8353079
chr2	9132963
chr2	12664285
chr2	13563660
chr2	14017129
chr2	14865801
chr2	15141680
chr2	15192925
chr2	16111479
chr2	18372879
chr2	18586118
chr2	18638425
chr2	19783889
chr2	20290435
chr2	21083619
chr2	23250531
chr2	24807272
chr2	26903689
chr2	27358735
chr2	27396819
chr2	27513909
chr2	30135814
chr2	31486214
chr2	31505185
chr2	31957142
chr2	32229943
chr2	32973114
chr2	34403857
chr2	34595771
chr2	35268467
chr2	35328564
chr2	38775973
chr2	39628186
chr2	40261966
chr2	42535900
chr2	48359622
chr2	49074207
chr2	49089093
chr2	49524519
chr2	49783283
chr2	53252975
chr2	53843854
chr2	54456930
chr2	54485152
chr2	55335299
chr2	58974386
chr2	59273746
chr2	60404703
chr2	60820701
chr2	61515937
chr2	61521532
chr2	62167633
chr2	63561487
chr2	64353634
chr2	64813728
chr2	68797657
chr2	70160133
chr2	70371417
chr2	70546248
chr2	71405846
chr2	72307161
chr2	73832108
chr2	73879894
chr2	75123157
chr2	75418638
chr2	75469690
chr2	75851740
chr2	76396714
chr2	77042666
chr2	78177082
chr2	79438061
chr2	79454703
chr2	79605500
chr2	83402112
chr2	83969849
chr2	84615776
chr2	84806650
chr2	84998568
chr2	86252484
chr2	88280001
chr2	88299049
chr2	88311186
chr2	88427716
chr2	96347416
chr2	100243160
chr2	101500368
chr2	102089834
chr2	105908617
chr2	105957740
chr2	106971716
chr2	107689298
chr2	111059768
chr2	111732118
chr2	113664408
chr2	116213745
chr2	116490438
chr2	116887560
chr2	117833646
chr2	117945132
chr2	118447932
chr2	124431547
chr2	125821332
chr2	125832328
chr2	126179349
chr2	128941853
chr2	132551806
chr2	133271086
chr2	133893002
chr2	133925022
chr2	136314600
chr2	137563448
chr2	138358972
chr2	139329023
chr2	140221104
chr2	140394124
chr2	140879950
chr2	141129952
chr2	141708686
chr2	141767656
chr2	145516878
chr2	145826196
chr2	145832968
chr2	146347971
chr2	147869364
chr2	148875576
chr2	150516337
chr2	151103074
chr2	151105404
chr2	151303775
chr2	153292304
chr2	154723296
chr2	156143194
chr2	160855740
chr2	162696648
chr2	164854072
chr2	166082481
chr2	168850752
chr2	168897588
chr2	169024500
chr2	169078924
chr2	169632747
chr2	170510669
chr2	171771122
chr2	173089183
chr2	173395333
chr2	173923757
chr2	173940493
chr2	173948761
chr2	173949366
chr2	176269079
chr2	177812983
chr2	179094893
chr2	181080516
chr2	181411414
chr2	183556468
chr2	183911462
chr2	184506994
chr2	184758376
chr2	185352423
chr2	185622895
chr2	185911787
chr2	186237169
chr2	186642701
chr2	187567363
chr2	192805626
chr2	197939717
chr2	199851119
chr2	200764608
chr2	201646472
chr2	202062635
chr2	206443464
chr2	208048867
chr2	211493675
chr2	212937340
chr2	213080198
chr2	214576901
chr2	214595444
chr2	217115253
chr2	221511456
chr2	223166538
chr2	223296520
chr2	223974724
chr2	227452202
chr2	227596415
chr2	230002382
chr2	230996317
chr2	232016921
chr2	232612927
chr2	233106107
chr2	234183248
chr2	236043598
chr2	236979212
chr2	238929644
chr2	239277990
chr2	239376339
chr2	241953831
chr20	1072404
chr20	3052107
chr20	3756438
chr20	4874214
chr20	5726463
chr20	8835571
chr20	9203777
chr20	11008327
chr20	12466965
chr20	12564064
chr20	14890951
chr20	15332581
chr20	16812284
chr20	18795402
chr20	19791276
chr20	21209593
chr20	22156377
chr20	23045210
chr20	23314661
chr20	23403603
chr20	31244562
chr20	32812332
chr20	32829634
chr20	33260136
chr20	33870241
chr20	33897447
chr20	36118358
chr20	39326085
chr20	39425465
chr20	40218184
chr20	43799154
chr20	44317957
chr20	45320190
chr20	45742051
chr20	47265068
chr20	51373618
chr20	51841021
chr20	53708709
chr20	54451298
chr20	55733011
chr20	57117867
chr20	57226824
chr20	57838315
chr20	58864928
chr20	59400259
chr20	63395902
chr21	14621595
chr21	17054892
chr21	23788795
chr21	32188003
chr21	32503549
chr21	33590439
chr21	34639047
chr21	36032747
chr21	36405042
chr21	37025662
chr21	38568119
chr21	38892143
chr21	39213404
chr21	40042949
chr21	40067725
chr21	40339751
chr21	41676374
chr21	42176560
chr21	42462147
chr21	44750806
chr21	44813579
chr21	45265645
chr21	45527366
chr22	17322142
chr22	17983466
chr22	19836395
chr22	20831597
chr22	20856437
chr22	21639255
chr22	21772263
chr22	23462244
chr22	23623932
chr22	24801193
chr22	24976842
chr22	25857478
chr22	26823408
chr22	27395452
chr22	28644398
chr22	29562347
chr22	29589526
chr22	30066038
chr22	31318106
chr22	32510984
chr22	32620925
chr22	33034025
chr22	34079860
chr22	34198073
chr22	35110978
chr22	35219423
chr22	37354745
chr22	37891039
chr22	40574440
chr22	40799187
chr22	41869296
chr22	42406115
chr22	42498559
chr22	42823487
chr22	43793706
chr22	46389763
chr22	47029170
chr22	47142406
chr22	48303216
chr22	48933096
chr22	49138199
chr22	49167650
chr22	49532375
chr22	49792177
chr22	49808027
chr3	3104569
chr3	5174665
chr3	7965235
chr3	8700362
chr3	9086726
chr3	10174932
chr3	12716831
chr3	14976602
chr3	15136174
chr3	15842743
chr3	17896686
chr3	18478111
chr3	18957784
chr3	20440895
chr3	21028981
chr3	21321436
chr3	21456985
chr3	22166105
chr3	24456181
chr3	25323128
chr3	25587969
chr3	27124711
chr3	27943871
chr3	28604652
chr3	29046221
chr3	32594910
chr3	33111414
chr3	34737406
chr3	35332769
chr3	37782464
chr3	38231335
chr3	38279635
chr3	38497604
chr3	40915812
chr3	41019080
chr3	42243213
chr3	43472383
chr3	45370399
chr3	46052027
chr3	47004729
chr3	49486186
chr3	51588292
chr3	53990968
chr3	55828457
chr3	56137402
chr3	57968971
chr3	59269204
chr3	62817214
chr3	63353399
chr3	63893822
chr3	65123811
chr3	65862999
chr3	68556384
chr3	68620496
chr3	70168222
chr3	74031554
chr3	74223524
chr3	77643692
chr3	77810858
chr3	79150480
chr3	80089055
chr3	81305617
chr3	81324834
chr3	82017678
chr3	83195985
chr3	85391494
chr3	85510894
chr3	86093445
chr3	86251367
chr3	95066348
chr3	97748517
chr3	97900406
chr3	98337731
chr3	98922306
chr3	99247438
chr3	100820455
chr3	101366839
chr3	101387946
chr3	101680713
chr3	103255928
chr3	105630041
chr3	110797732
chr3	111561001
chr3	112412630
chr3	114452958
chr3	115160981
chr3	116114501
chr3	116552681
chr3	116911939
chr3	116982432
chr3	118759903
chr3	118863522
chr3	119140836
chr3	120847186
chr3	121615562
chr3	124732967
chr3	124751346
chr3	128938072
chr3	131941412
chr3	132621770
chr3	133176655
chr3	133965116
chr3	134974907
chr3	136899868
chr3	137135640
chr3	137199363
chr3	137314509
chr3	138763121
chr3	141877227
chr3	143420574
chr3	144180746
chr3	144429349
chr3	145591287
chr3	145666442
chr3	146100884
chr3	146414001
chr3	148933842
chr3	149835857
chr3	149941889
chr3	151106265
chr3	151893670
chr3	151918682
chr3	153725234
chr3	154168908
chr3	155612908
chr3	156556990
chr3	157471714
chr3	159778213
chr3	163669806
chr3	166902813
chr3	167032585
chr3	167863123
chr3	168704814
chr3	168900560
chr3	169202819
chr3	169591885
chr3	169825008
chr3	170823922
chr3	171005487
chr3	171013719
chr3	171510386
chr3	171524287
chr3	172864656
chr3	175345143
chr3	175708004
chr3	176684910
chr3	177356967
chr3	178904443
chr3	179148265
chr3	179624572
chr3	181150160
chr3	181902898
chr3	182164043
chr3	182490037
chr3	183073125
chr3	184621563
chr3	186910374
chr3	187771399
chr3	188237734
chr3	190409186
chr3	191519536
chr3	192229969
chr3	193665272
chr3	194180950
chr3	196662179
chr3	196797066
chr3	197005837
chr4	950684
chr4	3375727
chr4	3379005
chr4	3649903
chr4	3758734
chr4	3804890
chr4	4357810
chr4	6527520
chr4	6837904
chr4	8026827
chr4	8139235
chr4	10934227
chr4	13114392
chr4	13321549
chr4	14072433
chr4	16177819
chr4	16307710
chr4	16850947
chr4	20423405
chr4	24292792
chr4	24457541
chr4	28900525
chr4	29486859
chr4	29746213
chr4	29794045
chr4	29858119
chr4	30625669
chr4	32970636
chr4	34162011
chr4	38390497
chr4	38402776
chr4	40074268
chr4	40249696
chr4	41208938
chr4	41518915
chr4	46579601
chr4	46676704
chr4	48084823
chr4	52811424
chr4	53158558
chr4	53844046
chr4	55587928
chr4	55882099
chr4	56647610
chr4	56652572
chr4	59960043
chr4	60745833
chr4	61602073
chr4	62355560
chr4	63450969
chr4	64211339
chr4	65140537
chr4	65764398
chr4	66587229
chr4	66813800
chr4	70220191
chr4	70276713
chr4	70336687
chr4	73251576
chr4	74306968
chr4	75521711
chr4	75769740
chr4	75963254
chr4	76028179
chr4	77234078
chr4	80925357
chr4	83232898
chr4	83943467
chr4	84896242
chr4	84953657
chr4	87432768
chr4	90216610
chr4	90846742
chr4	91697311
chr4	94150709
chr4	95417682
chr4	96803818
chr4	97013222
chr4	99217579
chr4	101610970
chr4	102609158
chr4	102670154
chr4	103482465
chr4	104941469
chr4	106161700
chr4	107220526
chr4	108074930
chr4	108659090
chr4	109876085
chr4	110072582
chr4	110202115
chr4	110232559
chr4	111797551
chr4	113475331
chr4	113795107
chr4	116908624
chr4	117573006
chr4	118352793
chr4	118548689
chr4	118648779
chr4	118894551
chr4	120801880
chr4	120936802
chr4	121665696
chr4	121896693
chr4	124080186
chr4	124659047
chr4	124735595
chr4	126557779
chr4	127491790
chr4	128152207
chr4	128750682
chr4	129035847
chr4	130082905
chr4	131158847
chr4	131830280
chr4	133514587
chr4	133835927
chr4	136165824
chr4	136879846
chr4	136955036
chr4	137975712
chr4	139263313
chr4	141638566
chr4	143863144
chr4	145268097
chr4	145667760
chr4	146799685
chr4	148153426
chr4	148235262
chr4	148926592
chr4	151280054
chr4	151402122
chr4	152431310
chr4	154331782
chr4	154718176
chr4	156156483
chr4	157281689
chr4	157686904
chr4	159046231
chr4	159455219
chr4	160672641
chr4	166706520
chr4	172634983
chr4	174483216
chr4	179263831
chr4	179970743
chr4	181284351
chr4	183134954
chr4	183135956
chr4	183139743
chr4	184582410
chr4	185731505
chr4	185752591
chr4	186486937
chr4	187429500
chr4	187691544
chr4	187894256
chr5	271928
chr5	691800
chr5	2160731
chr5	2249328
chr5	2315455
chr5	3043605
chr5	3247799
chr5	3346640
chr5	3819218
chr5	7777055
chr5	9673607
chr5	10984536
chr5	11729969
chr5	13441248
chr5	13449040
chr5	13655426
chr5	17743550
chr5	18186316
chr5	18369040
chr5	18883238
chr5	21678483
chr5	23244178
chr5	26436396
chr5	26897674
chr5	27587796
chr5	33295883
chr5	36396026
chr5	37147971
chr5	37625242
chr5	37694840
chr5	39980781
chr5	43124085
chr5	43142651
chr5	43836487
chr5	51535938
chr5	53092928
chr5	56826489
chr5	56879565
chr5	59808582
chr5	59891787
chr5	60035255
chr5	60468137
chr5	61031500
chr5	62873403
chr5	63967514
chr5	64301701
chr5	66283841
chr5	66576399
chr5	68216763
chr5	68284862
chr5	68687846
chr5	69048911
chr5	71598926
chr5	71622270
chr5	72508670
chr5	75034898
chr5	78026018
chr5	78762933
chr5	78853433
chr5	78986647
chr5	79171639
chr5	79540593
chr5	80082960
chr5	81256279
chr5	83651589
chr5	88512664
chr5	89021191
chr5	89438563
chr5	91724384
chr5	92978839
chr5	93183681
chr5	93921986
chr5	96367302
chr5	98417656
chr5	100197945
chr5	103216088
chr5	103927295
chr5	105990471
chr5	106657795
chr5	107533941
chr5	109430725
chr5	110531142
chr5	112434148
chr5	113935588
chr5	114817989
chr5	115451523
chr5	116111434
chr5	117831819
chr5	118030408
chr5	118312885
chr5	119290154
chr5	120512142
chr5	120995313
chr5	122474380
chr5	123678103
chr5	123761222
chr5	123839804
chr5	124303013
chr5	126889964
chr5	127335364
chr5	129065893
chr5	129088741
chr5	129328385
chr5	130596377
chr5	131103880
chr5	131452630
chr5	131537929
chr5	132799433
chr5	133941148
chr5	135117135
chr5	138082876
chr5	138270879
chr5	139122594
chr5	140604780
chr5	143233740
chr5	143756549
chr5	144480335
chr5	144963078
chr5	145365431
chr5	146318622
chr5	147823190
chr5	148687125
chr5	148713545
chr5	149707878
chr5	151529577
chr5	151714105
chr5	153110740
chr5	154600234
chr5	154624212
chr5	154757780
chr5	155675310
chr5	158813956
chr5	159424331
chr5	159462774
chr5	160548763
chr5	162226606
chr5	162426848
chr5	162808747
chr5	163183376
chr5	165140752
chr5	169431216
chr5	169581187
chr5	170410261
chr5	174511322
chr5	174786287
chr5	174858285
chr5	175337924
chr5	175447620
chr5	175449842
chr5	175977142
chr5	176230443
chr5	178109821
chr5	178372910
chr5	178706700
chr5	179217760
chr5	180473351
chr5	180507818
chr6	2718602
chr6	2944766
chr6	6936552
chr6	8901934
chr6	9242898
chr6	10163488
chr6	10978523
chr6	11016173
chr6	11926879
chr6	13200368
chr6	13837087
chr6	14099288
chr6	15208098
chr6	15219718
chr6	15677976
chr6	17010493
chr6	17955317
chr6	19146716
chr6	20739265
chr6	23020769
chr6	23911864
chr6	24719155
chr6	24793101
chr6	27998031
chr6	29669284
chr6	30339243
chr6	33393748
chr6	35440693
chr6	35535255
chr6	36643387
chr6	36788623
chr6	36846485
chr6	37044674
chr6	37048416
chr6	37066579
chr6	37211251
chr6	41915789
chr6	42471319
chr6	43096957
chr6	48240857
chr6	48706453
chr6	49002309
chr6	53460992
chr6	54220682
chr6	55224626
chr6	55550090
chr6	57725925
chr6	57875151
chr6	61957507
chr6	62569799
chr6	63515217
chr6	64326167
chr6	64372130
chr6	65075508
chr6	65100524
chr6	65969056
chr6	67128238
chr6	69293497
chr6	74503812
chr6	74518269
chr6	75965365
chr6	76185339
chr6	77029361
chr6	78421376
chr6	79704668
chr6	79803848
chr6	81040101
chr6	82897764
chr6	83260176
chr6	84156743
chr6	85269329
chr6	86081442
chr6	86799716
chr6	87419080
chr6	87422759
chr6	87658456
chr6	87720852
chr6	87827146
chr6	88085343
chr6	89323380
chr6	90760449
chr6	92743879
chr6	93788462
chr6	95377506
chr6	96195329
chr6	96288709
chr6	96873529
chr6	97314883
chr6	97649087
chr6	97912150
chr6	98828858
chr6	100821406
chr6	101021920
chr6	103156311
chr6	103455224
chr6	104219046
chr6	106407211
chr6	111078389
chr6	116997507
chr6	118651683
chr6	120802280
chr6	120921845
chr6	123893550
chr6	124027720
chr6	125749595
chr6	127907831
chr6	128805892
chr6	129095754
chr6	129180014
chr6	130308355
chr6	130755650
chr6	131378093
chr6	131911563
chr6	134035151
chr6	136560950
chr6	136622809
chr6	137975796
chr6	138147544
chr6	139154920
chr6	139263681
chr6	139523536
chr6	140103945
chr6	140652352
chr6	141916249
chr6	142425247
chr6	142478190
chr6	143613787
chr6	143634776
chr6	143764520
chr6	146374153
chr6	146504225
chr6	147214169
chr6	147611570
chr6	147865759
chr6	150019569
chr6	150812125
chr6	152031370
chr6	152804968
chr6	154323461
chr6	154602749
chr6	155420386
chr6	156905250
chr6	157968317
chr6	158851288
chr6	163206773
chr6	163357792
chr6	165500567
chr6	167350861
chr6	167759171
chr6	168276734
chr6	168954031
chr6	169067546
chr6	169911602
chr7	2041371
chr7	2551261
chr7	3941907
chr7	4095253
chr7	4263071
chr7	5063477
chr7	8720131
chr7	12404312
chr7	13324300
chr7	15125069
chr7	17248684
chr7	17670886
chr7	18243048
chr7	19343366
chr7	20023277
chr7	21838716
chr7	23510512
chr7	23900775
chr7	24212180
chr7	25101813
chr7	25205449
chr7	26352110
chr7	26716359
chr7	28406923
chr7	30758252
chr7	30822627
chr7	36736746
chr7	40862731
chr7	44888586
chr7	48558169
chr7	50848981
chr7	55187304
chr7	66879832
chr7	68197043
chr7	69310144
chr7	69449955
chr7	69475081
chr7	70249874
chr7	70604776
chr7	70649180
chr7	73943303
chr7	75864823
chr7	75944633
chr7	76290678
chr7	76339221
chr7	78650667
chr7	78664723
chr7	79309968
chr7	80606131
chr7	80675962
chr7	82320929
chr7	84916920
chr7	85070787
chr7	86005903
chr7	87194414
chr7	90840903
chr7	91860894
chr7	92056071
chr7	92078306
chr7	92146614
chr7	93896072
chr7	97362751
chr7	100871031
chr7	101039562
chr7	105011849
chr7	105942007
chr7	106654322
chr7	110364961
chr7	111409838
chr7	112514092
chr7	112842498
chr7	113290417
chr7	113481655
chr7	115414507
chr7	118183873
chr7	120665000
chr7	121373176
chr7	124013042
chr7	124409428
chr7	124536960
chr7	124633312
chr7	126722895
chr7	127889626
chr7	128190403
chr7	128476956
chr7	130275698
chr7	131713570
chr7	132722611
chr7	133651367
chr7	133847875
chr7	134190878
chr7	135754780
chr7	136262301
chr7	138198310
chr7	138217539
chr7	138808121
chr7	139840494
chr7	141715302
chr7	150238860
chr7	150329080
chr7	150342493
chr7	152973279
chr7	154477269
chr7	156934187
chr7	157370154
chr7	158757584
chr8	751596
chr8	961082
chr8	2780209
chr8	4026924
chr8	4170023
chr8	6468646
chr8	12943928
chr8	12951617
chr8	13730697
chr8	14004813
chr8	14184214
chr8	14809090
chr8	15478020
chr8	16962192
chr8	17904904
chr8	21176805
chr8	22255416
chr8	24336580
chr8	26206218
chr8	26280466
chr8	26875603
chr8	26987894
chr8	27191921
chr8	28151304
chr8	28362091
chr8	28656883
chr8	32654658
chr8	33394929
chr8	33942823
chr8	36823836
chr8	37719760
chr8	39654664
chr8	41176455
chr8	42804942
chr8	42815438
chr8	49585546
chr8	50500230
chr8	51930166
chr8	51996459
chr8	53891560
chr8	57989027
chr8	59652817
chr8	61883330
chr8	74738133
chr8	77377859
chr8	79007347
chr8	81517102
chr8	81813895
chr8	84525953
chr8	84811613
chr8	86333471
chr8	89149433
chr8	89992774
chr8	94129477
chr8	94748621
chr8	96140595
chr8	99128687
chr8	99423423
chr8	99648949
chr8	100951415
chr8	103572355
chr8	104003417
chr8	106365337
chr8	106421796
chr8	106954515
chr8	107906358
chr8	108093613
chr8	109237010
chr8	113315628
chr8	113702140
chr8	114211749
chr8	117460552
chr8	118077861
chr8	121283835
chr8	121582917
chr8	121657872
chr8	122457265
chr8	123000305
chr8	123522205
chr8	124211217
chr8	124586032
chr8	125377681
chr8	125790856
chr8	125844620
chr8	126838842
chr8	127904355
chr8	129461724
chr8	131627644
chr8	132545312
chr8	132552533
chr8	136256302
chr8	136277559
chr8	141190106
chr8	141246484
chr8	141517268
chr8	141840423
chr8	143883273
chr8	144562246
chr9	532603
chr9	613048
chr9	4666552
chr9	9516773
chr9	9946057
chr9	10845698
chr9	15577551
chr9	18374851
chr9	19611417
chr9	21224843
chr9	26878376
chr9	29158521
chr9	29752455
chr9	31588887
chr9	33574116
chr9	33898467
chr9	34038900
chr9	36882267
chr9	38720041
chr9	70960123
chr9	71570506
chr9	72894882
chr9	74246005
chr9	75041960
chr9	77097576
chr9	77427599
chr9	78573195
chr9	79173174
chr9	79387184
chr9	79861149
chr9	86324617
chr9	88110664
chr9	88281849
chr9	88405536
chr9	89583022
chr9	93115645
chr9	96312310
chr9	97743738
chr9	98941620
chr9	102658934
chr9	103671387
chr9	103687332
chr9	106400535
chr9	106745264
chr9	107603936
chr9	109670799
chr9	110237009
chr9	110663260
chr9	113306631
chr9	113619175
chr9	113924398
chr9	117381612
chr9	119168600
chr9	119188189
chr9	120317415
chr9	121680743
chr9	121818126
chr9	122110647
chr9	122569487
chr9	123327771
chr9	127837810
chr9	130913463
chr9	132102252
chr9	132149232
chr9	133780624
chr9	133781764
chr9	134213504
chr9	135118754
chr9	135119058
chr9	135229085
chr9	135786170
chr9	136123733
chr9	137342164
chr9	137718150
chr9	137750263
chr9	137939831
