event	bg_indel	dist	recip_n	recip_af	spiked_n	spiked_af	hap_n	hap_carry
chr1:10581746	10583667T>TAAGTC	1921	29	1.00	27	0.85	4	0
chr1:34044524	34042952AT>A	1572	30	0.97	27	0.52	12	0
chr1:34044524	34045038TACACA>T	514	25	0.84	26	0.35	14	0
chr1:61698557	61697557GACAT>G	1000	27	1.00	19	0.68	6	0
chr1:77329605	77329194GA>G	411	20	0.95	20	0.50	9	0
chr1:150284003	150285535T>TAA	1532	41	0.93	33	0.48	16	0
chr1:156872544	156873018A>AGTGTG	474	24	0.67	24	0.46	13	0
chr1:159697400	159699084TAC>T	1684	22	0.73	22	0.45	10	0
chr1:245938886	245939631G>GAAAT	745	31	0.94	30	0.43	15	0
chr1:245938886	245940565A>AAAAAC	1679	27	0.96	32	0.47	16	0
chr2:6405946	6405140AT>A	806	20	0.90	23	0.48	12	0
chr2:6405946	6405318AT>A	628	29	0.93	36	0.42	19	0
chr2:6405946	6406476CGT>C	530	22	0.82	29	0.59	12	0
chr2:6405946	6406798GT>G	852	27	0.96	27	0.48	14	0
chr2:13563660	13562705G>GAAAGA	955	27	0.96	25	0.48	13	0
chr2:32973114	32972273GT>G	841	27	1.00	26	0.58	11	0
chr2:49074207	49075439TAAAC>T	1232	30	1.00	27	0.44	15	0
