chr6	13200318	13200418
chr18	56826006	56826106
chr3	99247388	99247488
chr9	77427549	77427649
chr1	242521567	242521667
chr14	70813451	70813551
chr20	23314611	23314711
chr18	42339794	42339894
chr4	103482415	103482515
chr17	1238251	1238351
chr22	17983416	17983516
chr10	6773104	6773204
chr1	73716424	73716524
chr12	125461222	125461322
chr20	16812234	16812334
chr14	96975545	96975645
chr1	1108835	1108935
chr10	4863601	4863701
chr16	67340957	67341057
chr2	12664235	12664335
chr9	119168550	119168650
chr5	159424281	159424381
chr5	691750	691850
chr11	99815187	99815287
chr6	17010443	17010543
chr12	85640243	85640343
chr10	51735637	51735737
chr1	6957523	6957623
chr4	113795057	113795157
chr12	113091394	113091494
chr4	154718126	154718226
chr17	51442374	51442474
chr2	141129902	141130002
chr7	134190828	134190928
chr19	1766391	1766491
chr16	82757426	82757526
chr22	29562297	29562397
chr17	19966597	19966697
chr7	30758202	30758302
chr21	44750756	44750856
chr1	17768265	17768365
chr6	125749545	125749645
chr12	26421539	26421639
chr21	45527316	45527416
chr12	109867941	109868041
chr13	77316653	77316753
chr4	70336637	70336737
chr5	10984486	10984586
chr10	19718058	19718158
chr16	67151992	67152092
chr9	122569437	122569537
chr1	91840330	91840430
chr1	57639236	57639336
chr7	150342443	150342543
chr8	141517218	141517318
