chr15	33822017	33822017
chr11	126582825	126582825
chr7	13324300	13324300
chr12	98757939	98757939
chr8	123000305	123000305
chr10	131809259	131809259
chr2	213080198	213080198
chr9	9516773	9516773
chr4	38402776	38402776
chr11	62498404	62498404
chr1	46816581	46816581
chr3	82017678	82017678
chr4	137975712	137975712
chr6	54220682	54220682
chr10	111809909	111809909
chr17	35727022	35727022
chr17	35971897	35971897
chr2	239376339	239376339
chr1	207682960	207682960
chr15	31173862	31173862
chr22	43793706	43793706
chr22	23462244	23462244
chr12	12560946	12560946
chr11	103950571	103950571
chr13	95693630	95693630
chr9	107603936	107603936
chr17	33098978	33098978
chr14	54367902	54367902
chr12	111877130	111877130
chr14	104779614	104779614
chr2	124431547	124431547
chr5	120512142	120512142
chr6	169911602	169911602
chr7	158757584	158757584
chr3	133176655	133176655
chr6	36788623	36788623
chr10	17412732	17412732
chr12	125527472	125527472
chr6	156905250	156905250
chr4	6527520	6527520
chr6	85269329	85269329
chr19	37992060	37992060
chr11	61689570	61689570
chr22	24976842	24976842
chr10	89555467	89555467
chr4	29486859	29486859
chr7	30822627	30822627
chr16	88052433	88052433
chr19	55225293	55225293
chr2	54485152	54485152
chr6	11016173	11016173
chr3	181150160	181150160
chr4	20423405	20423405
chr11	62447708	62447708
chr5	2160731	2160731
chr3	194180950	194180950
chr2	221511456	221511456
chr11	60626176	60626176
chr15	43005378	43005378
chr5	122474380	122474380
chr9	31588887	31588887
chr2	9132963	9132963
chr8	81517102	81517102
chr16	4784589	4784589
chr3	116911939	116911939
chr19	44668559	44668559
chr20	63395902	63395902
chr5	83651589	83651589
chr3	141877227	141877227
chr19	51197592	51197592
chr1	22344914	22344914
chr5	81256279	81256279
chr16	75574802	75574802
chr13	107467321	107467321
chr3	83195985	83195985
chr6	43096957	43096957
chr11	1765074	1765074
chr19	14319542	14319542
chr5	175447620	175447620
chr15	59205509	59205509
chr1	178975694	178975694
chr10	16683160	16683160
chr18	67994196	67994196
chr15	71510937	71510937
chr7	82320929	82320929
chr14	101593680	101593680
chr14	100641207	100641207
chr17	7893969	7893969
chr6	15677976	15677976
chr2	23250531	23250531
chr8	37719760	37719760
chr14	101918139	101918139
chr22	21639255	21639255
chr13	112926456	112926456
chr16	59059096	59059096
chr4	40074268	40074268
chr5	116111434	116111434
chr15	59193064	59193064
chr7	128476956	128476956
chr16	48713807	48713807
