chr1	10397474	10397636	AluJr	SINE	Alu
chr1	10397638	10397938	AluSz	SINE	Alu
chr1	10397938	10398235	AluSg4	SINE	Alu
chr1	10400807	10400982	AluJo	SINE	Alu
chr1	10400998	10401219	AluSx	SINE	Alu
chr1	10401733	10402029	AluYh3	SINE	Alu
chr1	10402251	10402369	AluJo	SINE	Alu
chr1	10402452	10402528	AluJr4	SINE	Alu
chr1	10402528	10402822	AluY	SINE	Alu
chr1	10402822	10402972	AluJr4	SINE	Alu
chr1	10403309	10403610	AluSc8	SINE	Alu
chr1	10404537	10404799	AluSx	SINE	Alu
chr1	10404926	10405055	AluJo	SINE	Alu
chr1	10405092	10405399	AluSc	SINE	Alu
chr1	10405474	10405539	Alu	SINE	Alu
chr1	10405557	10405851	AluSx1	SINE	Alu
chr1	10405854	10406152	AluY	SINE	Alu
chr1	10406273	10406400	FLAM_A	SINE	Alu
chr1	10407030	10407166	FLAM_C	SINE	Alu
chr1	10407166	10407455	AluJr	SINE	Alu
chr1	10407671	10407973	AluJb	SINE	Alu
chr1	10408658	10408910	AluJb	SINE	Alu
chr1	10408961	10409144	MIR3	SINE	MIR
chr1	10409465	10409618	AluJr	SINE	Alu
chr1	10409649	10409955	AluSz	SINE	Alu
chr1	10410168	10410457	AluSx	SINE	Alu
chr1	10411766	10411857	MIRb	SINE	MIR
chr1	10413623	10413919	AluSc8	SINE	Alu
chr1	10413926	10414066	AluSx	SINE	Alu
chr1	10414378	10414675	AluSx	SINE	Alu
chr1	10414810	10415105	AluSg	SINE	Alu
chr1	10416086	10416257	AluJr	SINE	Alu
chr1	10417712	10418010	AluSq2	SINE	Alu
chr1	10418494	10418790	AluSc	SINE	Alu
chr1	10418994	10419316	AluSx3	SINE	Alu
chr1	10420857	10421154	AluY	SINE	Alu
chr1	10421164	10421288	FLAM_C	SINE	Alu
chr1	10421605	10421811	MIR	SINE	MIR
chr1	10421813	10422108	AluJo	SINE	Alu
chr1	10422169	10422465	AluJb	SINE	Alu
chr1	10422724	10422743	MIR	SINE	MIR
chr1	10422743	10423042	AluJr	SINE	Alu
chr1	10423042	10423239	MIR	SINE	MIR
chr1	10423470	10423763	AluSx1	SINE	Alu
chr1	10424647	10424824	MIR	SINE	MIR
chr1	10425037	10425332	AluSx	SINE	Alu
chr1	10427626	10427899	AluSp	SINE	Alu
chr1	10427988	10428202	MIR	SINE	MIR
chr1	10428309	10428485	AluJb	SINE	Alu
chr1	10428520	10428811	AluSz	SINE	Alu
chr1	10428953	10429119	MIRb	SINE	MIR
chr1	10429570	10429880	AluJr	SINE	Alu
chr1	10431042	10431162	MIRb	SINE	MIR
chr1	10431573	10431871	AluSx1	SINE	Alu
chr1	10432075	10432384	AluSq	SINE	Alu
chr1	10432748	10432854	FAM	SINE	Alu
chr1	10435749	10435873	FLAM_C	SINE	Alu
chr1	10435981	10436277	AluSz	SINE	Alu
chr1	10436419	10436738	AluSx	SINE	Alu
chr1	10437156	10437324	FRAM	SINE	Alu
chr1	10437475	10437756	AluSx1	SINE	Alu
chr1	10437758	10438061	AluSx	SINE	Alu
chr1	10438132	10438444	AluSx1	SINE	Alu
chr1	10439465	10439761	AluSg7	SINE	Alu
chr1	10441113	10441180	MIRc	SINE	MIR
chr1	10441185	10441310	FLAM_C	SINE	Alu
chr1	10441313	10441612	AluJb	SINE	Alu
chr1	10441620	10441924	AluY	SINE	Alu
chr1	10441956	10442086	AluJr4	SINE	Alu
chr1	10442897	10443199	AluSg7	SINE	Alu
chr1	10443205	10443394	AluSc	SINE	Alu
chr1	10443398	10443707	AluSg	SINE	Alu
chr1	10443715	10444017	AluSg7	SINE	Alu
chr1	10444055	10444356	AluSx	SINE	Alu
chr1	10444599	10444793	MIRb	SINE	MIR
chr1	10445120	10445418	AluJo	SINE	Alu
chr1	10445419	10445557	AluSx3	SINE	Alu
chr1	10445631	10445684	MIRc	SINE	MIR
chr1	10445698	10446002	AluJb	SINE	Alu
chr1	10446002	10446158	AluJo	SINE	Alu
chr1	10446159	10446465	AluJb	SINE	Alu
chr1	10446465	10446638	AluJo	SINE	Alu
chr1	10446638	10446929	AluJb	SINE	Alu
chr1	10446929	10447033	AluJo	SINE	Alu
chr1	10447310	10447602	AluSz	SINE	Alu
chr1	10447697	10448006	AluY	SINE	Alu
chr1	10448638	10448933	AluSx3	SINE	Alu
chr1	31077038	31077348	AluSx1	SINE	Alu
chr1	31077366	31077530	AluJb	SINE	Alu
chr1	31077530	31077827	AluSc	SINE	Alu
chr1	31077827	31077961	AluJb	SINE	Alu
chr1	31077963	31078071	AluJo	SINE	Alu
chr1	31078188	31078322	FLAM_C	SINE	Alu
chr1	31078360	31078643	AluSx	SINE	Alu
chr1	31078670	31078693	AluSx	SINE	Alu
chr1	31078827	31079114	AluJr	SINE	Alu
chr1	31079116	31079421	AluY	SINE	Alu
chr1	31079499	31079796	AluSz	SINE	Alu
chr1	31080250	31080339	AluJb	SINE	Alu
chr1	31080339	31080455	AluJo	SINE	Alu
chr1	31080501	31080594	AluJb	SINE	Alu
chr1	31080675	31080983	AluSg	SINE	Alu
chr1	31081119	31081258	AluJb	SINE	Alu
chr1	31081270	31081563	AluSx1	SINE	Alu
chr1	31081698	31082004	AluSz6	SINE	Alu
chr1	31082012	31082311	AluSx	SINE	Alu
chr1	31082511	31082645	AluJb	SINE	Alu
chr1	31082645	31082943	AluSq	SINE	Alu
chr1	31082943	31083111	AluJb	SINE	Alu
chr1	31083214	31083348	AluJo	SINE	Alu
chr1	31083522	31083826	AluY	SINE	Alu
chr1	31084579	31084711	AluSx	SINE	Alu
chr1	31084804	31085115	AluSx	SINE	Alu
chr1	31085515	31085811	AluY	SINE	Alu
chr1	31086016	31086154	AluJo	SINE	Alu
chr1	31086154	31086471	AluSq2	SINE	Alu
chr1	31086471	31086652	AluJo	SINE	Alu
chr1	31087130	31087432	AluSx1	SINE	Alu
chr1	31087635	31087936	AluSp	SINE	Alu
chr1	31088045	31088337	AluSx4	SINE	Alu
chr1	31088584	31088837	AluJb	SINE	Alu
chr1	31088871	31089179	AluSg	SINE	Alu
chr1	31089450	31089761	AluSx	SINE	Alu
chr1	31089920	31089985	MIR	SINE	MIR
chr1	31090082	31090388	AluSg	SINE	Alu
chr1	31090807	31091102	AluSx1	SINE	Alu
chr1	31091222	31091501	AluSg	SINE	Alu
chr1	31091595	31091905	AluSz6	SINE	Alu
chr1	31091917	31092104	AluJo	SINE	Alu
chr1	31092104	31092417	AluSz	SINE	Alu
chr1	31092417	31092568	AluJo	SINE	Alu
chr1	31093107	31093408	AluY	SINE	Alu
chr1	31093683	31093980	AluJr	SINE	Alu
chr1	31094051	31094169	AluJr	SINE	Alu
chr1	31094184	31094501	AluJb	SINE	Alu
chr1	31095169	31095473	AluSx3	SINE	Alu
chr1	31096047	31096062	AluJo	SINE	Alu
chr1	31096087	31096370	AluJo	SINE	Alu
chr1	31096387	31096691	AluY	SINE	Alu
chr1	31096694	31096877	AluJr4	SINE	Alu
chr1	31096877	31097178	AluSc8	SINE	Alu
chr1	31097178	31097228	AluJr4	SINE	Alu
chr1	31097405	31097513	AluJr	SINE	Alu
chr1	31097685	31097966	AluSz	SINE	Alu
chr1	31097968	31098266	AluSq2	SINE	Alu
chr1	31098701	31098769	AluSz	SINE	Alu
chr1	31098792	31098898	AluJo	SINE	Alu
chr1	31098898	31099193	AluSp	SINE	Alu
chr1	31099193	31099331	AluJo	SINE	Alu
chr1	31099912	31100032	FLAM_C	SINE	Alu
chr1	31100039	31100198	AluSx	SINE	Alu
chr1	31100198	31100439	AluSx3	SINE	Alu
chr1	31100445	31100627	AluJb	SINE	Alu
chr1	31101577	31101756	AluJb	SINE	Alu
chr1	31101802	31102082	AluSp	SINE	Alu
chr1	31102084	31102344	AluSg	SINE	Alu
chr1	31102955	31103085	MIR	SINE	MIR
chr1	31103085	31103389	AluJo	SINE	Alu
chr1	31103389	31103465	MIR	SINE	MIR
chr1	31103471	31103582	MIR	SINE	MIR
chr1	31103630	31103776	AluJr	SINE	Alu
chr1	31103876	31104182	AluSg	SINE	Alu
chr1	31104312	31104614	AluSz	SINE	Alu
chr1	31104699	31105009	AluSx1	SINE	Alu
chr1	31105030	31105162	AluSz6	SINE	Alu
chr1	31105191	31105494	AluSq	SINE	Alu
chr1	31105720	31106023	AluJb	SINE	Alu
chr1	31106074	31106227	AluJr	SINE	Alu
chr1	31106323	31106635	AluSx1	SINE	Alu
chr1	31106635	31106941	AluSq2	SINE	Alu
chr1	31107089	31107113	AluSx4	SINE	Alu
chr1	31107146	31107257	AluSx4	SINE	Alu
chr1	31107282	31107454	AluSx	SINE	Alu
chr1	31107538	31107828	AluY	SINE	Alu
chr1	31108805	31109077	AluSx1	SINE	Alu
chr1	31109327	31109626	AluSp	SINE	Alu
chr1	31109818	31110127	AluJb	SINE	Alu
chr1	31110141	31110447	AluSx1	SINE	Alu
chr1	31111162	31111499	AluSz6	SINE	Alu
chr1	31111565	31111665	MIRb	SINE	MIR
chr1	31111749	31112090	AluJb	SINE	Alu
chr1	31112151	31112463	AluSq2	SINE	Alu
chr1	31112984	31113091	AluYk2	SINE	Alu
chr1	31113155	31113289	AluSx	SINE	Alu
chr1	31113289	31113595	AluY	SINE	Alu
chr1	31113602	31113695	AluJo	SINE	Alu
chr1	31113695	31114000	AluSz	SINE	Alu
chr1	31114000	31114203	AluJo	SINE	Alu
chr1	31114675	31114986	AluSq2	SINE	Alu
chr1	31114988	31115298	AluSx1	SINE	Alu
chr1	31115314	31115599	AluJo	SINE	Alu
chr1	31115613	31115920	AluSg	SINE	Alu
chr1	31116054	31116294	AluJo	SINE	Alu
chr1	31116747	31116851	FLAM_A	SINE	Alu
chr1	31117008	31117289	AluSx	SINE	Alu
chr1	31117377	31117663	AluSx1	SINE	Alu
chr1	31119074	31119162	AluJb	SINE	Alu
chr1	31119162	31119473	AluSx1	SINE	Alu
chr1	31119473	31119534	AluJb	SINE	Alu
chr1	31119534	31119833	AluSx	SINE	Alu
chr1	31119833	31119997	AluJb	SINE	Alu
chr1	31120934	31121149	MIRb	SINE	MIR
chr1	31121224	31121533	AluSx1	SINE	Alu
chr1	31121542	31121851	AluSz	SINE	Alu
chr1	31122475	31122768	AluJo	SINE	Alu
chr1	31123367	31123692	AluSx3	SINE	Alu
chr1	31123720	31124038	AluJr	SINE	Alu
chr1	31124157	31124463	AluYk4	SINE	Alu
chr1	31124467	31124769	AluJb	SINE	Alu
chr1	31124848	31125160	AluSx	SINE	Alu
chr1	31125186	31125488	AluSx1	SINE	Alu
chr1	31126280	31126589	AluSq	SINE	Alu
chr1	31126696	31126994	AluSq2	SINE	Alu
chr1	31127638	31127736	MIRb	SINE	MIR
chr1	31127740	31128013	AluSq2	SINE	Alu
chr1	31128037	31128318	AluJb	SINE	Alu
chr1	31128391	31128663	AluSx	SINE	Alu
chr1	31129001	31129306	AluSg	SINE	Alu
chr1	39507834	39507942	MIRc	SINE	MIR
chr1	39507970	39508279	AluY	SINE	Alu
chr1	39511520	39511605	MIRb	SINE	MIR
chr1	39512174	39512309	MIR1_Amn	SINE	MIR
chr1	39513150	39513268	AluJr4	SINE	Alu
chr1	39516976	39517287	AluJb	SINE	Alu
chr1	39517318	39517615	AluSz6	SINE	Alu
chr1	39518854	39518968	MIR3	SINE	MIR
chr1	39520134	39520430	AluJb	SINE	Alu
chr1	39520688	39520751	MIR	SINE	MIR
chr1	39521025	39521106	MIRc	SINE	MIR
chr1	39523875	39523974	FLAM_C	SINE	Alu
chr1	39526339	39526637	AluSx1	SINE	Alu
chr1	39527708	39527890	MIR3	SINE	MIR
chr1	39528640	39528699	MIRb	SINE	MIR
chr1	39528699	39529021	AluJr	SINE	Alu
chr1	39529021	39529186	MIRb	SINE	MIR
chr1	39530644	39530909	AluSq2	SINE	Alu
chr1	39532513	39532815	AluY	SINE	Alu
chr1	39532867	39533001	AluJr	SINE	Alu
chr1	39533160	39533458	AluY	SINE	Alu
chr1	39533487	39533548	AluJb	SINE	Alu
chr1	39533549	39533748	AluJo	SINE	Alu
chr1	39533811	39533946	FLAM_C	SINE	Alu
chr1	39534678	39534982	AluJr	SINE	Alu
chr1	39535000	39535286	AluJr	SINE	Alu
chr1	39535560	39535853	AluY	SINE	Alu
chr1	39535917	39536187	AluSz6	SINE	Alu
chr1	39536393	39536700	AluY	SINE	Alu
chr1	39537254	39537564	AluJb	SINE	Alu
chr1	39537699	39537993	AluJb	SINE	Alu
chr1	39538059	39538346	AluSx1	SINE	Alu
chr1	39539931	39540224	AluJb	SINE	Alu
chr1	39541953	39542110	AluSx	SINE	Alu
chr1	39542316	39542439	AluJo	SINE	Alu
chr1	39542449	39542747	AluSq2	SINE	Alu
chr1	39543161	39543421	AluSq2	SINE	Alu
chr1	39543782	39543917	AluJb	SINE	Alu
chr1	39543917	39544218	AluY	SINE	Alu
chr1	39544218	39544432	AluJb	SINE	Alu
chr1	39545087	39545400	AluJb	SINE	Alu
chr1	39546468	39546769	AluSg	SINE	Alu
chr1	39546856	39547154	AluJb	SINE	Alu
chr1	39547223	39547442	MIR	SINE	MIR
chr1	39549421	39549716	AluSz6	SINE	Alu
chr1	39551099	39551397	AluSx	SINE	Alu
chr1	39551398	39551525	AluJr	SINE	Alu
chr1	39551724	39552031	AluSz	SINE	Alu
chr1	39552239	39552502	AluJb	SINE	Alu
chr1	39552642	39552941	AluSx1	SINE	Alu
chr1	39553603	39553907	AluJr4	SINE	Alu
chr1	39554588	39554878	AluSx	SINE	Alu
chr1	39555175	39555469	AluSx3	SINE	Alu
chr1	39555524	39555658	FLAM_C	SINE	Alu
chr1	39555662	39555950	AluSx3	SINE	Alu
chr1	39556253	39556560	AluSx3	SINE	Alu
chr1	39556616	39556755	FLAM_C	SINE	Alu
chr1	39556758	39557064	AluSx3	SINE	Alu
chr1	39557069	39557138	MIR3	SINE	MIR
chr1	39557388	39557684	AluY	SINE	Alu
chr1	39557723	39558013	AluY	SINE	Alu
chr1	39558101	39558413	AluY	SINE	Alu
chr1	39559787	39560089	AluY	SINE	Alu
chr1	235348700	235348988	AluSx4	SINE	Alu
chr1	235349018	235349113	AluSz	SINE	Alu
chr1	235349113	235349418	AluYa5	SINE	Alu
chr1	235349418	235349645	AluSz	SINE	Alu
chr1	235349646	235349945	AluSp	SINE	Alu
chr1	235349948	235350243	AluY	SINE	Alu
chr1	235350902	235351048	AluJr	SINE	Alu
chr1	235351068	235351318	AluSz6	SINE	Alu
chr1	235352279	235352561	AluSp	SINE	Alu
chr1	235352687	235352998	AluSx3	SINE	Alu
chr1	235353041	235353336	AluSg	SINE	Alu
chr1	235353780	235354099	AluSq10	SINE	Alu
chr1	235354163	235354490	AluSp	SINE	Alu
chr1	235354500	235354809	AluSx3	SINE	Alu
chr1	235355387	235355687	AluSp	SINE	Alu
chr1	235355720	235355851	AluJo	SINE	Alu
chr1	235355851	235356158	AluJr	SINE	Alu
chr1	235356158	235356243	AluJo	SINE	Alu
chr1	235356301	235356379	AluSz6	SINE	Alu
chr1	235356379	235356678	AluSz	SINE	Alu
chr1	235356678	235356835	AluSz6	SINE	Alu
chr1	235357178	235357482	AluSz6	SINE	Alu
chr1	235358215	235358509	AluSz	SINE	Alu
chr1	235358509	235358802	AluSx	SINE	Alu
chr1	235359359	235359669	AluSx	SINE	Alu
chr1	235359800	235360100	AluSz	SINE	Alu
chr1	235360268	235360384	FLAM_C	SINE	Alu
chr1	235360709	235361013	AluSz	SINE	Alu
chr1	235361609	235361915	AluSq2	SINE	Alu
chr1	235362652	235362956	AluSp	SINE	Alu
chr1	235362965	235363157	AluJr	SINE	Alu
chr1	235363283	235363395	FLAM_C	SINE	Alu
chr1	235363422	235363709	AluSz	SINE	Alu
chr1	235364028	235364342	AluSz	SINE	Alu
chr1	235364358	235364683	AluSg	SINE	Alu
chr1	235364788	235365089	AluSx4	SINE	Alu
chr1	235365145	235365290	AluSg7	SINE	Alu
chr1	235365301	235365591	AluSc	SINE	Alu
chr1	235365591	235365885	AluJb	SINE	Alu
chr1	235367906	235368205	AluSx	SINE	Alu
chr1	235368552	235368865	AluSx	SINE	Alu
chr1	235369226	235369535	AluSc	SINE	Alu
chr1	235369539	235369847	AluSq2	SINE	Alu
chr1	235370249	235370549	AluSg7	SINE	Alu
chr1	235370740	235371038	AluSg	SINE	Alu
chr1	235371038	235371355	AluSp	SINE	Alu
chr1	235371364	235371675	AluSx	SINE	Alu
chr1	235371680	235371973	AluSq2	SINE	Alu
chr1	235371982	235372356	AluJb	SINE	Alu
chr1	235372499	235372632	FLAM_C	SINE	Alu
chr1	235372642	235372953	AluY	SINE	Alu
chr1	235373051	235373158	AluJo	SINE	Alu
chr1	235373446	235373624	AluSx1	SINE	Alu
chr1	235373636	235373946	AluY	SINE	Alu
chr1	235373976	235374255	AluSx1	SINE	Alu
chr1	235374500	235374799	AluSx1	SINE	Alu
chr1	235374910	235375219	AluY	SINE	Alu
chr1	235375760	235376062	AluSx	SINE	Alu
chr1	235376694	235376979	AluSx1	SINE	Alu
chr1	235377176	235377478	AluSc	SINE	Alu
chr1	235377653	235377946	AluSg	SINE	Alu
chr1	235378208	235378523	AluJb	SINE	Alu
chr1	235378564	235378879	AluSz	SINE	Alu
chr1	235379245	235379554	AluSx1	SINE	Alu
chr1	235379666	235379964	AluSz6	SINE	Alu
chr1	235380798	235381079	AluSp	SINE	Alu
chr1	235381402	235381712	AluY	SINE	Alu
chr1	235388079	235388269	MIRb	SINE	MIR
chr1	235388280	235388587	AluSq2	SINE	Alu
chr1	235389323	235389630	AluSq2	SINE	Alu
chr1	235389841	235390150	AluSz	SINE	Alu
chr1	235390469	235390778	AluSq2	SINE	Alu
chr1	235391208	235391492	AluSx1	SINE	Alu
chr1	235391595	235391906	AluSx	SINE	Alu
chr1	235392039	235392162	AluJo	SINE	Alu
chr1	235392204	235392366	AluJo	SINE	Alu
chr1	235392400	235392710	AluSq	SINE	Alu
chr1	235392870	235393023	AluJr	SINE	Alu
chr1	235393256	235393542	AluSc8	SINE	Alu
chr1	235394065	235394373	AluY	SINE	Alu
chr1	235394418	235394720	AluJo	SINE	Alu
chr1	235394724	235395004	AluJo	SINE	Alu
chr1	235395536	235395844	AluSx	SINE	Alu
chr1	235396047	235396357	AluYh3	SINE	Alu
chr1	235396954	235397200	AluSc	SINE	Alu
chr1	235397200	235397511	AluY	SINE	Alu
chr1	235398135	235398443	AluSq2	SINE	Alu
chr1	235398617	235398944	AluJb	SINE	Alu
chr1	235398948	235399249	AluSz6	SINE	Alu
chr1	242939706	242940014	AluSx1	SINE	Alu
chr1	242940626	242940749	MIR	SINE	MIR
chr1	242940887	242941148	AluSz	SINE	Alu
chr1	242942198	242942501	AluSz6	SINE	Alu
chr1	242943999	242944263	AluSc8	SINE	Alu
chr1	242945109	242945420	AluSc8	SINE	Alu
chr1	242949795	242950104	AluSx	SINE	Alu
chr1	242951382	242951644	AluSp	SINE	Alu
chr1	242954721	242955030	AluSx	SINE	Alu
chr1	242956340	242956633	AluY	SINE	Alu
chr1	242956702	242957012	AluY	SINE	Alu
chr1	242958072	242958360	AluSx3	SINE	Alu
chr1	242959934	242960231	AluSg	SINE	Alu
chr1	242963453	242963748	AluSx1	SINE	Alu
chr1	242964210	242964515	AluJr	SINE	Alu
chr1	242965647	242965959	AluSp	SINE	Alu
chr1	242967490	242967787	AluYk4	SINE	Alu
chr1	242970902	242971201	AluJr4	SINE	Alu
chr1	242972111	242972252	AluJb	SINE	Alu
chr1	242972765	242973050	AluSx	SINE	Alu
chr1	242973749	242974057	AluSz6	SINE	Alu
chr1	242974073	242974283	MIR	SINE	MIR
chr1	242974574	242974878	AluSz	SINE	Alu
chr1	242975893	242976195	AluY	SINE	Alu
chr1	242978215	242978516	AluSx1	SINE	Alu
chr1	242979003	242979305	AluSz	SINE	Alu
chr1	242980024	242980157	MIRc	SINE	MIR
chr1	242980436	242980648	MIR	SINE	MIR
chr1	242980793	242981000	MIR3	SINE	MIR
chr1	242981459	242981758	AluY	SINE	Alu
chr1	242982221	242982497	AluJr	SINE	Alu
chr1	242982818	242983029	AluSx1	SINE	Alu
chr1	242983034	242983329	AluSc5	SINE	Alu
chr1	242983474	242983591	AluJr	SINE	Alu
chr1	242985512	242985782	AluJo	SINE	Alu
chr1	242986012	242986326	AluYm1	SINE	Alu
chr1	242986349	242986557	MIR3	SINE	MIR
chr1	242986634	242986873	MIR	SINE	MIR
chr1	242986930	242987231	AluSx	SINE	Alu
chr1	242987281	242987573	AluY	SINE	Alu
chr1	242987839	242988029	AluJb	SINE	Alu
chr1	242988069	242988187	AluJb	SINE	Alu
chr1	242988328	242988554	MIR	SINE	MIR
chr1	242988644	242988964	AluSz	SINE	Alu
chr1	242989756	242990023	AluJr4	SINE	Alu
chr1	242990267	242990566	AluSq2	SINE	Alu
chr10	5822563	5822869	AluSx1	SINE	Alu
chr10	5823668	5823983	AluSz	SINE	Alu
chr10	5823992	5824294	AluSq4	SINE	Alu
chr10	5824604	5824855	AluSz	SINE	Alu
chr10	5824866	5825140	AluJb	SINE	Alu
chr10	5825487	5825787	AluSc	SINE	Alu
chr10	5825835	5826129	AluSg	SINE	Alu
chr10	5826448	5826731	AluJb	SINE	Alu
chr10	5826733	5827024	AluSx1	SINE	Alu
chr10	5827299	5827604	AluSp	SINE	Alu
chr10	5828297	5828602	AluSq	SINE	Alu
chr10	5829492	5829760	AluSx	SINE	Alu
chr10	5830037	5830336	AluSx	SINE	Alu
chr10	5830501	5830729	AluJb	SINE	Alu
chr10	5831718	5831898	AluSz6	SINE	Alu
chr10	5831898	5832192	AluSx3	SINE	Alu
chr10	5832192	5832331	AluSz6	SINE	Alu
chr10	5832341	5832643	AluSp	SINE	Alu
chr10	5833371	5833674	AluY	SINE	Alu
chr10	5834356	5834452	MIRb	SINE	MIR
chr10	5834630	5834818	MIRb	SINE	MIR
chr10	5834846	5835148	AluJb	SINE	Alu
chr10	5835378	5835668	AluSg	SINE	Alu
chr10	5836037	5836052	AluJo	SINE	Alu
chr10	5836052	5836348	AluJb	SINE	Alu
chr10	5836348	5836500	AluJo	SINE	Alu
chr10	5836508	5836824	AluSg7	SINE	Alu
chr10	5836931	5837212	AluSx	SINE	Alu
chr10	5837343	5837640	AluSx	SINE	Alu
chr10	5837807	5838090	AluSx1	SINE	Alu
chr10	5838210	5838515	AluJb	SINE	Alu
chr10	5838713	5839006	AluY	SINE	Alu
chr10	5839166	5839298	MIRb	SINE	MIR
chr10	5839338	5839623	AluSg	SINE	Alu
chr10	5839921	5840240	AluJo	SINE	Alu
chr10	5841311	5841484	MIRb	SINE	MIR
chr10	5842573	5842710	AluSg	SINE	Alu
chr10	5842716	5842915	AluY	SINE	Alu
chr10	5842960	5843267	AluSz	SINE	Alu
chr10	5843366	5843674	AluSx3	SINE	Alu
chr10	5844334	5844627	AluJb	SINE	Alu
chr10	5845287	5845583	AluSx	SINE	Alu
chr10	5845588	5845892	AluSx1	SINE	Alu
chr10	5845894	5846188	AluJb	SINE	Alu
chr10	5846706	5846751	MIRc	SINE	MIR
chr10	5846778	5847081	AluSx	SINE	Alu
chr10	5847255	5847325	MIRb	SINE	MIR
chr10	5847341	5847517	AluJb	SINE	Alu
chr10	5847517	5847814	AluSx	SINE	Alu
chr10	5847814	5847934	AluJb	SINE	Alu
chr10	5848042	5848351	AluSg	SINE	Alu
chr10	5848866	5849182	AluSz	SINE	Alu
chr10	5849578	5849861	AluJo	SINE	Alu
chr10	5849868	5850165	AluSq2	SINE	Alu
chr10	5850441	5850542	FLAM_C	SINE	Alu
chr10	5850567	5850730	AluJr	SINE	Alu
chr10	5850767	5850936	AluSg7	SINE	Alu
chr10	5850936	5851252	AluYj4	SINE	Alu
chr10	5851437	5851748	AluY	SINE	Alu
chr10	5851922	5852229	AluSx4	SINE	Alu
chr10	5852726	5853041	AluSx1	SINE	Alu
chr10	5853049	5853354	AluSp	SINE	Alu
chr10	5853575	5853688	AluYh3a3	SINE	Alu
chr10	5853824	5854113	AluSx	SINE	Alu
chr10	5854613	5854916	AluSq2	SINE	Alu
chr10	5854930	5855186	AluSz	SINE	Alu
chr10	5855360	5855411	AluSz6	SINE	Alu
chr10	5855556	5855839	AluJb	SINE	Alu
chr10	5856156	5856197	MIRb	SINE	MIR
chr10	5856795	5856902	MIRb	SINE	MIR
chr10	5857320	5857491	AluSz	SINE	Alu
chr10	5857491	5857791	AluSp	SINE	Alu
chr10	5857791	5857927	AluSz	SINE	Alu
chr10	5858129	5858289	AluJr	SINE	Alu
chr10	5859333	5859675	AluJr	SINE	Alu
chr10	5859736	5860030	AluSx	SINE	Alu
chr10	5861155	5861446	AluSx1	SINE	Alu
chr10	5861894	5862202	AluY	SINE	Alu
chr10	5862679	5862823	MIRb	SINE	MIR
chr10	5862906	5862943	MIRb	SINE	MIR
chr10	5870404	5870684	AluJo	SINE	Alu
chr10	5871105	5871386	AluSp	SINE	Alu
chr10	5872196	5872497	AluSx1	SINE	Alu
chr10	5872542	5872855	AluY	SINE	Alu
chr10	5872860	5873028	AluSz	SINE	Alu
chr10	5873028	5873328	AluSc8	SINE	Alu
chr10	5873328	5873473	AluSz	SINE	Alu
chr10	5873900	5874186	AluSc	SINE	Alu
chr10	5875231	5875297	MIRb	SINE	MIR
chr10	5875710	5875879	AluSx1	SINE	Alu
chr10	57425212	57425512	AluJo	SINE	Alu
chr10	57427594	57427896	AluYg6	SINE	Alu
chr10	57428396	57428472	MIRb	SINE	MIR
chr10	57436051	57436230	AluJo	SINE	Alu
chr10	57436282	57436426	AluJo	SINE	Alu
chr10	57436906	57437211	AluSz	SINE	Alu
chr10	57438871	57438996	AluSx3	SINE	Alu
chr10	57440902	57441007	MIR	SINE	MIR
chr10	57441227	57441268	MIR	SINE	MIR
chr10	57453061	57453281	MIRb	SINE	MIR
chr10	57456826	57457132	AluY	SINE	Alu
chr10	57462320	57462553	MIR	SINE	MIR
chr10	57463056	57463393	AluSx1	SINE	Alu
chr10	57464033	57464166	MIRb	SINE	MIR
chr10	57464839	57464918	MIR	SINE	MIR
chr10	57466233	57466539	AluJr	SINE	Alu
chr10	57466824	57466984	MIRb	SINE	MIR
chr10	57468687	57468775	MIR	SINE	MIR
chr10	57473593	57473891	AluSx	SINE	Alu
chr10	57474330	57474500	MIRb	SINE	MIR
chr10	57476346	57476645	AluSx1	SINE	Alu
chr13	78398407	78398626	MIRc	SINE	MIR
chr13	78403516	78403815	AluSg	SINE	Alu
chr13	78406598	78406660	MIRb	SINE	MIR
chr13	78406818	78407030	MIRc	SINE	MIR
chr13	78407725	78407952	MIRc	SINE	MIR
chr13	78408406	78408462	MIRc	SINE	MIR
chr13	78411859	78412167	AluY	SINE	Alu
chr13	78412173	78412227	MIRb	SINE	MIR
chr13	78413778	78413908	MIR	SINE	MIR
chr13	78419878	78420034	MIRb	SINE	MIR
chr13	78420064	78420198	MIR	SINE	MIR
chr13	78422250	78422498	MIRb	SINE	MIR
chr13	78423381	78423683	AluSq2	SINE	Alu
chr13	78424496	78424776	AluSc	SINE	Alu
chr13	78425300	78425484	AluSx	SINE	Alu
chr13	78432064	78432377	AluSx1	SINE	Alu
chr13	78432399	78432706	AluY	SINE	Alu
chr13	78433944	78434247	AluSp	SINE	Alu
chr13	78436657	78436765	MIRb	SINE	MIR
chr13	78436789	78436970	MIRb	SINE	MIR
chr13	78436995	78437221	MIR	SINE	MIR
chr13	78440372	78440608	MIR	SINE	MIR
chr13	78440680	78440726	MIR	SINE	MIR
chr13	78440784	78441031	MamSINE1	SINE	tRNA-RTE
chr13	78442205	78442311	MIRb	SINE	MIR
chr13	78444117	78444422	AluJb	SINE	Alu
chr13	78444439	78444673	MIRb	SINE	MIR
chr16	11565001	11565060	AluSz6	SINE	Alu
chr16	11565081	11565382	AluSx1	SINE	Alu
chr16	11565897	11566127	MIR	SINE	MIR
chr16	11566481	11566750	AluJo	SINE	Alu
chr16	11567137	11567449	AluSx	SINE	Alu
chr16	11567702	11567993	AluSz	SINE	Alu
chr16	11568006	11568308	AluJb	SINE	Alu
chr16	11568670	11568979	AluSz	SINE	Alu
chr16	11569247	11569516	AluJr	SINE	Alu
chr16	11569750	11570044	AluSz6	SINE	Alu
chr16	11570079	11570259	MIR	SINE	MIR
chr16	11570308	11570393	MIR3	SINE	MIR
chr16	11570701	11570915	AluJo	SINE	Alu
chr16	11571069	11571366	AluSx1	SINE	Alu
chr16	11571817	11572116	AluJr	SINE	Alu
chr16	11572932	11573229	AluSz	SINE	Alu
chr16	11573701	11574000	AluSx1	SINE	Alu
chr16	11574052	11574341	AluJo	SINE	Alu
chr16	11574801	11575102	AluSz	SINE	Alu
chr16	11575858	11576161	AluJr	SINE	Alu
chr16	11576187	11576469	AluSz	SINE	Alu
chr16	11577316	11577617	AluSx1	SINE	Alu
chr16	11577711	11577891	AluJo	SINE	Alu
chr16	11577891	11578193	AluJo	SINE	Alu
chr16	11578276	11578530	AluSp	SINE	Alu
chr16	11578906	11579201	AluSp	SINE	Alu
chr16	11579203	11579459	AluYb8	SINE	Alu
chr16	11580261	11580554	AluSx1	SINE	Alu
chr16	11580766	11581064	AluJb	SINE	Alu
chr16	11581377	11581624	AluJb	SINE	Alu
chr16	11584925	11585256	AluSz6	SINE	Alu
chr16	11587435	11587567	MIRb	SINE	MIR
chr16	11587934	11588038	MIR3	SINE	MIR
chr16	11588212	11588531	AluJr	SINE	Alu
chr16	11589619	11589923	AluJo	SINE	Alu
chr16	11590010	11590143	FLAM_A	SINE	Alu
chr16	11590723	11591032	AluSz	SINE	Alu
chr16	11591176	11591484	AluJr	SINE	Alu
chr16	11591646	11591887	AluSz	SINE	Alu
chr16	11592293	11592591	AluSx1	SINE	Alu
chr16	11592753	11592888	AluSq2	SINE	Alu
chr16	11592888	11593198	AluY	SINE	Alu
chr16	11593198	11593379	AluSq2	SINE	Alu
chr16	11593894	11594200	AluSz	SINE	Alu
chr16	11594593	11594901	AluSz	SINE	Alu
chr16	11595129	11595290	MIRc	SINE	MIR
chr16	11595447	11595757	AluYm1	SINE	Alu
chr16	11596871	11597062	MIRb	SINE	MIR
chr16	11597446	11597616	MIR	SINE	MIR
chr16	11597805	11597894	MIR3	SINE	MIR
chr16	11597899	11598197	AluJb	SINE	Alu
chr16	11598822	11599119	AluSx1	SINE	Alu
chr16	11599138	11599404	AluSx	SINE	Alu
chr16	11599986	11600240	AluJr	SINE	Alu
chr16	11601563	11601859	AluJb	SINE	Alu
chr16	11602077	11602360	AluSx3	SINE	Alu
chr16	11602840	11603094	AluJr	SINE	Alu
chr16	11603762	11604041	AluY	SINE	Alu
chr16	11604047	11604155	AluJo	SINE	Alu
chr16	11604524	11604660	FLAM_C	SINE	Alu
chr16	11605659	11605779	AluJo	SINE	Alu
chr16	11606156	11606468	AluJb	SINE	Alu
chr16	11606673	11606938	AluSx1	SINE	Alu
chr16	11606938	11607129	MIR	SINE	MIR
chr16	11608109	11608259	MIRb	SINE	MIR
chr16	11608680	11608987	AluSx	SINE	Alu
chr16	11609209	11609513	AluSx1	SINE	Alu
chr16	11609598	11609700	MIRc	SINE	MIR
chr16	11611073	11611347	AluJr	SINE	Alu
chr16	11611624	11611964	AluSx	SINE	Alu
chr16	11613026	11613276	AluSx1	SINE	Alu
chr16	11613838	11613928	MIRc	SINE	MIR
chr16	11614273	11614287	AluSz	SINE	Alu
chr16	11614287	11614597	AluSz	SINE	Alu
chr16	11614597	11614760	AluSz	SINE	Alu
chr16	11615258	11615551	AluSp	SINE	Alu
chr16	11615588	11615695	AluSz6	SINE	Alu
chr16	11616192	11616507	AluJr	SINE	Alu
chr16	57267286	57267568	AluSx1	SINE	Alu
chr16	57267595	57267903	AluSq	SINE	Alu
chr16	57268358	57268486	MIR	SINE	MIR
chr16	57268488	57268743	AluJo	SINE	Alu
chr16	57269339	57269495	MIRc	SINE	MIR
chr16	57269785	57270067	AluSx	SINE	Alu
chr16	57271363	57271674	AluSq2	SINE	Alu
chr16	57272136	57272247	MIRb	SINE	MIR
chr16	57272567	57272654	MIR1_Amn	SINE	MIR
chr16	57272669	57272964	AluJo	SINE	Alu
chr16	57272979	57273271	AluY	SINE	Alu
chr16	57273893	57273938	MIR3	SINE	MIR
chr16	57273990	57274282	AluJr	SINE	Alu
chr16	57274449	57274750	AluSx	SINE	Alu
chr16	57274761	57275059	AluY	SINE	Alu
chr16	57275835	57276112	AluJb	SINE	Alu
chr16	57276174	57276310	AluSx	SINE	Alu
chr16	57276310	57276621	AluSx1	SINE	Alu
chr16	57277307	57277618	AluSx	SINE	Alu
chr16	57278057	57278326	AluSx1	SINE	Alu
chr16	57279137	57279318	MIRb	SINE	MIR
chr16	57279362	57279390	AluJo	SINE	Alu
chr16	57279390	57279692	AluJb	SINE	Alu
chr16	57279692	57279832	AluJo	SINE	Alu
chr16	57280196	57280383	MIRb	SINE	MIR
chr16	57281250	57281380	MIRc	SINE	MIR
chr16	57281502	57281810	AluY	SINE	Alu
chr16	57281938	57282031	MIR3	SINE	MIR
chr16	57282217	57282497	AluJr	SINE	Alu
chr16	57285058	57285169	AluJr	SINE	Alu
chr16	57285344	57285453	MIRb	SINE	MIR
chr16	57285999	57286310	AluSx1	SINE	Alu
chr16	57286325	57286685	AluJr	SINE	Alu
chr16	57286685	57286829	AluJr	SINE	Alu
chr16	57286925	57287219	AluSq2	SINE	Alu
chr16	57287773	57288070	AluSq2	SINE	Alu
chr16	57288425	57288734	AluJo	SINE	Alu
chr16	57288813	57289070	AluJb	SINE	Alu
chr16	57289159	57289453	AluY	SINE	Alu
chr16	57290759	57291061	AluSq2	SINE	Alu
chr16	57291061	57291231	AluJr	SINE	Alu
chr16	57291231	57291503	AluSc8	SINE	Alu
chr16	57291503	57291514	AluJr	SINE	Alu
chr16	57291514	57291823	AluY	SINE	Alu
chr16	57291823	57291959	AluJr	SINE	Alu
chr16	57292424	57292697	AluY	SINE	Alu
chr16	57293325	57293628	AluSx	SINE	Alu
chr16	57293666	57293825	FLAM_C	SINE	Alu
chr16	57293845	57294049	AluSx	SINE	Alu
chr16	57294075	57294365	AluY	SINE	Alu
chr16	57294389	57294709	AluY	SINE	Alu
chr16	57294718	57295020	AluSx1	SINE	Alu
chr16	57295422	57295686	AluSz	SINE	Alu
chr16	57295703	57295922	AluJr	SINE	Alu
chr16	57296149	57296460	AluSx	SINE	Alu
chr16	57296653	57296952	AluSz	SINE	Alu
chr16	57298109	57298185	MIR3	SINE	MIR
chr16	57298472	57298779	AluSz	SINE	Alu
chr16	57300189	57300285	AluJb	SINE	Alu
chr16	57302436	57302729	AluSg	SINE	Alu
chr16	57303043	57303347	AluJo	SINE	Alu
chr16	57303739	57303798	MIRc	SINE	MIR
chr16	57304499	57304630	MIRb	SINE	MIR
chr16	57304662	57304809	AluJb	SINE	Alu
chr16	57304847	57304907	MIRb	SINE	MIR
chr16	57304918	57305224	AluSx1	SINE	Alu
chr16	57305841	57306139	AluSq2	SINE	Alu
chr16	57306163	57306394	MIR	SINE	MIR
chr16	57306418	57306732	AluJr	SINE	Alu
chr16	57308594	57308898	AluSz	SINE	Alu
chr16	57309138	57309451	AluSz	SINE	Alu
chr16	57309908	57310218	AluSz	SINE	Alu
chr16	57310218	57310533	AluJr	SINE	Alu
chr16	57311608	57311879	AluJb	SINE	Alu
chr16	57312537	57312840	AluSp	SINE	Alu
chr16	57312855	57313110	AluSx	SINE	Alu
chr16	57313868	57314024	MIRc	SINE	MIR
chr16	57315261	57315298	MIR3	SINE	MIR
chr16	57315558	57315617	MIR3	SINE	MIR
chr16	57315722	57315842	MIRb	SINE	MIR
chr16	57315842	57315953	AluSz	SINE	Alu
chr16	57316021	57316144	MIRb	SINE	MIR
chr16	57316433	57316611	MIR	SINE	MIR
chr16	57317041	57317113	MIR3	SINE	MIR
chr16	57317492	57317623	MIR	SINE	MIR
chr16	57317623	57317929	AluSz	SINE	Alu
chr16	57317929	57318042	MIR	SINE	MIR
chr16	57318812	57319108	AluSx1	SINE	Alu
chr18	32892355	32892566	MIR	SINE	MIR
chr18	32893490	32893788	AluSc	SINE	Alu
chr18	32895770	32895999	MIRc	SINE	MIR
chr18	32898410	32898708	AluSz	SINE	Alu
chr18	32898974	32899209	MIRb	SINE	MIR
chr18	32903823	32904118	AluSc8	SINE	Alu
chr18	32908263	32908576	AluSx1	SINE	Alu
chr18	32908656	32908855	MIRb	SINE	MIR
chr18	32913270	32913564	AluSx1	SINE	Alu
chr18	32914755	32914861	MIRc	SINE	MIR
chr18	32922267	32922547	AluY	SINE	Alu
chr18	32927870	32928168	AluY	SINE	Alu
chr18	32930329	32930409	MIRb	SINE	MIR
chr18	32930448	32930510	MIRb	SINE	MIR
chr18	32935707	32936014	AluY	SINE	Alu
chr19	11081820	11082116	AluSx4	SINE	Alu
chr19	11082251	11082543	AluSz	SINE	Alu
chr19	11083054	11083117	AluSz	SINE	Alu
chr19	11083117	11083412	AluYf1	SINE	Alu
chr19	11083412	11083542	AluSz	SINE	Alu
chr19	11083733	11083854	AluSz	SINE	Alu
chr19	11084354	11084489	AluSc8	SINE	Alu
chr19	11084489	11084800	AluY	SINE	Alu
chr19	11084800	11084981	AluSc8	SINE	Alu
chr19	11085092	11085124	MIRb	SINE	MIR
chr19	11085124	11085426	AluJo	SINE	Alu
chr19	11085426	11085546	MIR	SINE	MIR
chr19	11085800	11086118	AluSq2	SINE	Alu
chr19	11086121	11086423	AluSx1	SINE	Alu
chr19	11086431	11086741	AluY	SINE	Alu
chr19	11086789	11087083	AluSx	SINE	Alu
chr19	11087148	11087442	AluJb	SINE	Alu
chr19	11087572	11087879	AluY	SINE	Alu
chr19	11087884	11087962	MIRc	SINE	MIR
chr19	11088041	11088315	AluJr	SINE	Alu
chr19	11089872	11090150	AluSx1	SINE	Alu
chr19	11091392	11091521	AluJr4	SINE	Alu
chr19	11092444	11092733	AluSg	SINE	Alu
chr19	11093032	11093323	AluSx4	SINE	Alu
chr19	11093407	11093694	AluSx1	SINE	Alu
chr19	11093973	11094121	AluJo	SINE	Alu
chr19	11094136	11094444	AluSp	SINE	Alu
chr19	11094463	11094741	AluJo	SINE	Alu
chr19	11095393	11095547	AluSz6	SINE	Alu
chr19	11095550	11095758	AluSx1	SINE	Alu
chr19	11095768	11095933	MIR	SINE	MIR
chr19	11096000	11096312	AluJb	SINE	Alu
chr19	11096917	11097046	FLAM_C	SINE	Alu
chr19	11097057	11097319	AluSx1	SINE	Alu
chr19	11097355	11097520	AluSx	SINE	Alu
chr19	11097584	11097895	AluSz	SINE	Alu
chr19	11097990	11098264	AluSx1	SINE	Alu
chr19	11098383	11098682	AluJo	SINE	Alu
chr19	11098721	11099017	AluJo	SINE	Alu
chr19	11099461	11099577	AluJo	SINE	Alu
chr19	11099587	11099876	AluSq2	SINE	Alu
chr19	11100372	11100496	AluSz6	SINE	Alu
chr19	11100759	11101061	AluY	SINE	Alu
chr19	11101063	11101222	FRAM	SINE	Alu
chr19	11101290	11101434	FLAM_A	SINE	Alu
chr19	11101456	11101767	AluY	SINE	Alu
chr19	11101803	11101934	AluSz	SINE	Alu
chr19	11101943	11102242	AluY	SINE	Alu
chr19	11102312	11102614	AluSx1	SINE	Alu
chr19	11103472	11103773	AluSq2	SINE	Alu
chr19	11103990	11104292	AluSq10	SINE	Alu
chr19	11104417	11104722	AluSz	SINE	Alu
chr19	11104954	11105077	MIR	SINE	MIR
chr19	11105945	11106225	AluSx	SINE	Alu
chr19	11106225	11106493	AluJo	SINE	Alu
chr19	11106746	11106833	MIRc	SINE	MIR
chr19	11106834	11107129	AluSx	SINE	Alu
chr19	11107134	11107266	AluSz6	SINE	Alu
chr19	11107629	11107910	AluSx3	SINE	Alu
chr19	11107940	11108242	AluSc8	SINE	Alu
chr19	11108297	11108586	AluSz	SINE	Alu
chr19	11108708	11108862	AluJo	SINE	Alu
chr19	11109100	11109392	AluSc8	SINE	Alu
chr19	11109395	11109490	AluJo	SINE	Alu
chr19	11109688	11110000	AluSx1	SINE	Alu
chr19	11110183	11110485	AluSq2	SINE	Alu
chr19	11110485	11110590	AluSc8	SINE	Alu
chr19	11110831	11110866	MIR1_Amn	SINE	MIR
chr19	11110973	11111278	AluSp	SINE	Alu
chr19	11111935	11112026	AluJr	SINE	Alu
chr19	11112034	11112098	AluJb	SINE	Alu
chr19	11112098	11112408	AluY	SINE	Alu
chr19	11112408	11112526	AluJb	SINE	Alu
chr19	11112540	11112705	AluJr	SINE	Alu
chr19	11112705	11112987	AluSx1	SINE	Alu
chr19	11112987	11113125	AluJr	SINE	Alu
chr19	11113835	11114134	AluSx1	SINE	Alu
chr19	11114503	11114811	AluY	SINE	Alu
chr19	11114814	11115116	AluSz	SINE	Alu
chr19	11115294	11115588	AluJr	SINE	Alu
chr19	11115593	11115728	FRAM	SINE	Alu
chr19	11115729	11115943	AluSx1	SINE	Alu
chr19	11116322	11116635	AluJo	SINE	Alu
chr19	11117126	11117439	AluSp	SINE	Alu
chr19	11117452	11117632	AluJo	SINE	Alu
chr19	11117632	11117935	AluSz	SINE	Alu
chr19	11117935	11118243	AluSp	SINE	Alu
chr19	11118243	11118261	AluJo	SINE	Alu
chr19	11118615	11118755	AluSz6	SINE	Alu
chr19	11118755	11119071	AluY	SINE	Alu
chr19	11119071	11119238	AluSz6	SINE	Alu
chr19	11119380	11119683	AluSg	SINE	Alu
chr19	11119692	11119973	AluSq	SINE	Alu
chr19	11120568	11120634	MIRb	SINE	MIR
chr19	11120793	11121089	AluSx	SINE	Alu
chr19	11121179	11121374	AluJr	SINE	Alu
chr19	11121421	11121767	AluSc8	SINE	Alu
chr19	11121767	11122068	AluSp	SINE	Alu
chr19	11122086	11122395	AluY	SINE	Alu
chr19	11122395	11122699	AluY	SINE	Alu
chr19	11122791	11123086	AluJo	SINE	Alu
chr19	11123481	11123576	MIR	SINE	MIR
chr19	11123787	11124078	AluSp	SINE	Alu
chr19	11124078	11124372	AluSx1	SINE	Alu
chr19	11124387	11124517	FLAM_C	SINE	Alu
chr19	11124578	11124880	AluSx3	SINE	Alu
chr19	11124885	11125164	AluJb	SINE	Alu
chr19	11125185	11125477	AluSx1	SINE	Alu
chr19	11125664	11125814	FLAM_C	SINE	Alu
chr19	11125840	11126120	AluSq2	SINE	Alu
chr19	11126579	11126706	AluJr	SINE	Alu
chr19	11126926	11127238	AluSx1	SINE	Alu
chr19	11127238	11127532	AluSx	SINE	Alu
chr19	11127671	11127806	FLAM_C	SINE	Alu
chr19	11128472	11128597	AluJr	SINE	Alu
chr19	11128745	11129050	AluJb	SINE	Alu
chr19	11129070	11129373	AluSx1	SINE	Alu
chr19	11129920	11130220	AluSq2	SINE	Alu
chr19	11130230	11130530	AluJo	SINE	Alu
chr19	11130580	11130887	AluSz6	SINE	Alu
chr19	11132435	11132744	AluYb8	SINE	Alu
chr19	11132790	11132903	FRAM	SINE	Alu
chr19	11132910	11133225	AluJo	SINE	Alu
chr19	11133858	11134033	AluSx	SINE	Alu
chr19	11134033	11134335	AluY	SINE	Alu
chr19	11134335	11134350	AluSx	SINE	Alu
chr19	11134350	11134645	AluY	SINE	Alu
chr19	11134645	11134790	AluSx	SINE	Alu
chr19	11135086	11135385	AluY	SINE	Alu
chr19	11135398	11135697	AluY	SINE	Alu
chr19	11135729	11136023	AluSz6	SINE	Alu
chr19	11136162	11136246	AluSz	SINE	Alu
chr19	11136256	11136342	FRAM	SINE	Alu
chr19	11136342	11136501	AluSq4	SINE	Alu
chr19	11136869	11136994	AluJr	SINE	Alu
chr19	11136994	11137298	AluSx	SINE	Alu
chr19	11137298	11137380	AluJr	SINE	Alu
chr19	11137381	11137650	AluSp	SINE	Alu
chr19	11137655	11137787	MIRb	SINE	MIR
chr19	11139428	11139486	MIR	SINE	MIR
chr19	11139653	11139956	AluSz	SINE	Alu
chr19	11140062	11140360	AluJo	SINE	Alu
chr19	11140393	11140521	AluSx1	SINE	Alu
chr19	11140521	11140829	AluY	SINE	Alu
chr19	11140829	11141000	AluSx1	SINE	Alu
chr19	11141287	11141595	AluSg4	SINE	Alu
chr19	11141713	11141852	AluJo	SINE	Alu
chr19	11142414	11142447	MIR1_Amn	SINE	MIR
chr19	11143709	11144012	AluJo	SINE	Alu
chr19	11144166	11144455	AluSq2	SINE	Alu
chr19	11144455	11144763	AluY	SINE	Alu
chr19	11144766	11145061	AluJr	SINE	Alu
chr19	11145063	11145206	AluJb	SINE	Alu
chr19	11145871	11146053	AluJr4	SINE	Alu
chr19	11146483	11146789	AluY	SINE	Alu
chr19	11146795	11147099	AluSp	SINE	Alu
chr19	11147362	11147732	AluSz6	SINE	Alu
chr19	11148215	11148507	AluSz	SINE	Alu
chr19	11148507	11148663	AluJb	SINE	Alu
chr19	11148663	11148915	AluY	SINE	Alu
chr19	11148915	11149046	AluJb	SINE	Alu
chr19	11149467	11149592	AluJr4	SINE	Alu
chr19	11149598	11149710	AluSx1	SINE	Alu
chr19	11149710	11150008	AluSq4	SINE	Alu
chr19	11150008	11150208	AluSx1	SINE	Alu
chr19	11150208	11150504	AluSx	SINE	Alu
chr19	11150514	11150824	AluJb	SINE	Alu
chr19	11150881	11151184	AluY	SINE	Alu
chr19	11151610	11151907	AluSg	SINE	Alu
chr19	11151907	11152220	AluSx	SINE	Alu
chr19	11152222	11152509	AluSz	SINE	Alu
chr19	11152548	11152644	MIRb	SINE	MIR
chr19	11153163	11153469	AluY	SINE	Alu
chr19	11153479	11153782	AluSg	SINE	Alu
chr19	11153785	11154087	AluY	SINE	Alu
chr19	52567533	52567824	AluSp	SINE	Alu
chr19	52568089	52568397	AluSx	SINE	Alu
chr19	52569246	52569557	AluSz	SINE	Alu
chr19	52569692	52569763	AluJb	SINE	Alu
chr19	52571516	52571659	AluSx	SINE	Alu
chr19	52571726	52571822	AluSx	SINE	Alu
chr19	52571823	52572122	AluSp	SINE	Alu
chr19	52572124	52572354	AluSx	SINE	Alu
chr19	52573072	52573234	AluSz	SINE	Alu
chr19	52573234	52573536	AluSx1	SINE	Alu
chr19	52573536	52573679	AluSz	SINE	Alu
chr19	52573683	52573816	AluJb	SINE	Alu
chr19	52574962	52575268	AluY	SINE	Alu
chr19	52575489	52575679	AluSc8	SINE	Alu
chr19	52576258	52576558	AluSz	SINE	Alu
chr19	52577096	52577365	AluSz	SINE	Alu
chr19	52577973	52578281	AluY	SINE	Alu
chr19	52578615	52578656	AluYk11	SINE	Alu
chr19	52578758	52579045	AluYc	SINE	Alu
chr19	52579244	52579545	AluSq2	SINE	Alu
chr19	52579591	52579874	AluSx1	SINE	Alu
chr19	52579953	52580242	AluYj4	SINE	Alu
chr19	52580353	52580522	AluSg4	SINE	Alu
chr19	52580842	52581154	AluSx	SINE	Alu
chr19	52581226	52581519	AluSx1	SINE	Alu
chr19	52581519	52581691	AluSx4	SINE	Alu
chr19	52584340	52584438	AluSz	SINE	Alu
chr19	52586027	52586338	AluJb	SINE	Alu
chr19	52586375	52586425	AluYk11	SINE	Alu
chr19	52586440	52586554	AluJb	SINE	Alu
chr19	52588206	52588504	AluSc5	SINE	Alu
chr19	52588775	52588984	AluSx1	SINE	Alu
chr19	52589478	52589689	AluSq2	SINE	Alu
chr19	52589804	52590093	AluSp	SINE	Alu
chr19	52590095	52590385	AluSx1	SINE	Alu
chr19	52590612	52590731	AluSg4	SINE	Alu
chr19	52590839	52591137	AluSc	SINE	Alu
chr19	52591190	52591480	AluSx1	SINE	Alu
chr19	52591494	52591645	AluSx	SINE	Alu
chr19	52591646	52591855	AluSx	SINE	Alu
chr19	52592585	52592769	AluSx	SINE	Alu
chr19	52594353	52594493	AluSx	SINE	Alu
chr19	52594503	52594812	AluSp	SINE	Alu
chr19	52594988	52595175	AluSq2	SINE	Alu
chr19	52595277	52595569	AluY	SINE	Alu
chr19	52597559	52597623	AluSg4	SINE	Alu
chr19	52597968	52598243	AluY	SINE	Alu
chr19	52598626	52598924	AluJo	SINE	Alu
chr19	52599035	52599206	AluSp	SINE	Alu
chr19	52600245	52600542	AluSz	SINE	Alu
chr19	52600684	52600795	FLAM_C	SINE	Alu
chr19	52602620	52602917	AluJb	SINE	Alu
chr19	52603282	52603563	AluSz	SINE	Alu
chr19	52603596	52603892	AluSp	SINE	Alu
chr19	52604457	52604740	AluSx	SINE	Alu
chr19	52605168	52605483	AluSx1	SINE	Alu
chr19	52605570	52605658	AluSp	SINE	Alu
chr19	52606066	52606365	AluSc5	SINE	Alu
chr19	52607237	52607543	AluSz	SINE	Alu
chr19	52607560	52607872	AluSx3	SINE	Alu
chr19	52608491	52608670	AluSx3	SINE	Alu
chr19	52608987	52609300	AluY	SINE	Alu
chr19	52609483	52609694	AluSx1	SINE	Alu
chr19	52609784	52609906	AluJb	SINE	Alu
chr19	52610275	52610582	AluSx	SINE	Alu
chr19	52610662	52610947	AluSx1	SINE	Alu
chr19	52611309	52611615	AluY	SINE	Alu
chr19	52611702	52611998	AluSg	SINE	Alu
chr19	52612010	52612311	AluSc	SINE	Alu
chr19	52615456	52615594	AluSq10	SINE	Alu
chr19	52615841	52616137	AluSq10	SINE	Alu
chr19	52616561	52616863	AluSp	SINE	Alu
chr19	52617448	52617756	AluSx	SINE	Alu
chr19	52618087	52618258	AluSz	SINE	Alu
chr19	52618258	52618561	AluY	SINE	Alu
chr19	52618561	52618696	AluSz	SINE	Alu
chr19	52619345	52619641	AluSg4	SINE	Alu
chr19	54933952	54934240	AluY	SINE	Alu
chr19	54934243	54934366	AluSx	SINE	Alu
chr19	54934716	54934996	AluSx1	SINE	Alu
chr19	54935237	54935367	AluJr	SINE	Alu
chr19	54935413	54935712	AluSz	SINE	Alu
chr19	54936539	54936676	AluJb	SINE	Alu
chr19	54936676	54936928	AluSx	SINE	Alu
chr19	54936931	54937231	AluY	SINE	Alu
chr19	54937409	54937540	AluSx	SINE	Alu
chr19	54937540	54937611	AluYg6	SINE	Alu
chr19	54937615	54937921	AluSq2	SINE	Alu
chr19	54938441	54938736	AluSz	SINE	Alu
chr19	54940544	54940840	AluSg7	SINE	Alu
chr19	54941082	54941406	AluSx3	SINE	Alu
chr19	54941903	54941958	AluSx	SINE	Alu
chr19	54941971	54942284	AluY	SINE	Alu
chr19	54942441	54942734	AluSp	SINE	Alu
chr19	54942864	54943159	AluSq2	SINE	Alu
chr19	54943160	54943306	AluJo	SINE	Alu
chr19	54943319	54943599	AluY	SINE	Alu
chr19	54944688	54944768	AluJo	SINE	Alu
chr19	54944957	54945268	AluY	SINE	Alu
chr19	54945278	54945569	AluSx	SINE	Alu
chr19	54945592	54945791	AluSx	SINE	Alu
chr19	54945791	54946090	AluY	SINE	Alu
chr19	54946090	54946206	AluSx	SINE	Alu
chr19	54946213	54946494	AluSp	SINE	Alu
chr19	54946497	54946644	AluJb	SINE	Alu
chr19	54946644	54946939	AluSz	SINE	Alu
chr19	54946939	54947004	AluJb	SINE	Alu
chr19	54947042	54947339	AluSx	SINE	Alu
chr19	54947953	54948101	AluJr	SINE	Alu
chr19	54948101	54948401	AluSq2	SINE	Alu
chr19	54948401	54948560	AluJr	SINE	Alu
chr19	54948578	54948838	AluSx3	SINE	Alu
chr19	54948995	54949290	AluSx	SINE	Alu
chr19	54949293	54949424	FLAM_C	SINE	Alu
chr19	54949818	54950113	AluJo	SINE	Alu
chr19	54951264	54951581	AluSz	SINE	Alu
chr19	54951753	54952051	AluY	SINE	Alu
chr19	54952310	54952607	AluSx1	SINE	Alu
chr19	54952884	54953081	AluSx	SINE	Alu
chr19	54953720	54954034	AluY	SINE	Alu
chr19	54954245	54954552	AluYk3	SINE	Alu
chr19	54954562	54954864	AluSq2	SINE	Alu
chr19	54955045	54955347	AluSp	SINE	Alu
chr19	54955386	54955537	AluSq10	SINE	Alu
chr19	54955537	54955779	AluSx1	SINE	Alu
chr19	54955800	54955896	AluSz6	SINE	Alu
chr19	54955911	54955968	AluSz6	SINE	Alu
chr19	54956000	54956130	AluJb	SINE	Alu
chr19	54956407	54956706	AluSx1	SINE	Alu
chr19	54956706	54956762	FLAM_C	SINE	Alu
chr19	54956763	54956916	AluSx1	SINE	Alu
chr19	54957038	54957311	AluSx	SINE	Alu
chr19	54957334	54957640	AluSx	SINE	Alu
chr19	54957850	54957922	AluJb	SINE	Alu
chr19	54957933	54958134	AluSx1	SINE	Alu
chr19	54958360	54958665	AluSx3	SINE	Alu
chr19	54958670	54958704	AluSg4	SINE	Alu
chr19	54959127	54959436	AluSg	SINE	Alu
chr19	54959513	54959555	AluSg4	SINE	Alu
chr19	54959562	54959650	FLAM_C	SINE	Alu
chr19	54960145	54960455	AluSx1	SINE	Alu
chr19	54960486	54960547	MIRc	SINE	MIR
chr19	54960612	54960893	AluY	SINE	Alu
chr19	54961091	54961217	AluJo	SINE	Alu
chr19	54961228	54961528	AluSq	SINE	Alu
chr19	54961554	54961832	AluSg7	SINE	Alu
chr19	54961879	54962191	AluSq2	SINE	Alu
chr19	54962268	54962570	AluSq2	SINE	Alu
chr19	54962589	54962898	AluY	SINE	Alu
chr19	54962990	54963112	MIR	SINE	MIR
chr19	54963113	54963364	AluJo	SINE	Alu
chr19	54963407	54963538	AluSx3	SINE	Alu
chr19	54963541	54963853	AluSx	SINE	Alu
chr19	54963880	54964178	AluSg7	SINE	Alu
chr19	54964211	54964514	AluY	SINE	Alu
chr19	54964541	54964842	AluSx	SINE	Alu
chr19	54965449	54965640	AluYh3	SINE	Alu
chr19	54965640	54965932	AluSx	SINE	Alu
chr19	54966539	54966825	AluY	SINE	Alu
chr19	54966825	54967166	AluJb	SINE	Alu
chr19	54967209	54967501	AluSp	SINE	Alu
chr19	54967917	54968217	AluSx1	SINE	Alu
chr19	54968220	54968343	AluSz6	SINE	Alu
chr19	54968365	54968630	AluJb	SINE	Alu
chr19	54968701	54968999	AluSc8	SINE	Alu
chr19	54969239	54969505	AluSg4	SINE	Alu
chr19	54969506	54969676	AluSx1	SINE	Alu
chr19	54969684	54969872	AluJb	SINE	Alu
chr19	54970368	54970671	AluSq2	SINE	Alu
chr19	54971841	54972141	AluSc8	SINE	Alu
chr19	54972182	54972479	AluSg4	SINE	Alu
chr19	54972484	54972758	AluJb	SINE	Alu
chr19	54972906	54973208	AluSz	SINE	Alu
chr19	54973345	54973673	AluSq2	SINE	Alu
chr19	54974074	54974358	AluSg	SINE	Alu
chr19	54974806	54975092	AluSx1	SINE	Alu
chr19	54975101	54975420	AluJo	SINE	Alu
chr19	54975446	54975751	AluY	SINE	Alu
chr19	54975764	54976048	AluJb	SINE	Alu
chr19	54976056	54976352	AluSx1	SINE	Alu
chr19	54976363	54976644	AluSx1	SINE	Alu
chr19	54976800	54977110	AluSc	SINE	Alu
chr19	54977189	54977436	AluSp	SINE	Alu
chr19	54978058	54978234	AluSx1	SINE	Alu
chr19	54978234	54978544	AluSz	SINE	Alu
chr19	54978573	54978863	AluSc	SINE	Alu
chr19	54978979	54979284	AluSx1	SINE	Alu
chr19	54979344	54979650	AluSq2	SINE	Alu
chr19	54979782	54980074	AluSc8	SINE	Alu
chr19	54980197	54980493	AluY	SINE	Alu
chr19	54980827	54981111	AluSx	SINE	Alu
chr19	54981169	54981467	AluSz	SINE	Alu
chr19	54981795	54982077	AluSp	SINE	Alu
chr19	54983850	54984149	AluSx1	SINE	Alu
chr19	54984157	54984317	AluJo	SINE	Alu
chr19	54984352	54984441	AluJo	SINE	Alu
chr19	54984485	54984782	AluSq	SINE	Alu
chr19	54985395	54985707	AluSx1	SINE	Alu
chr2	22441536	22441662	MIRc	SINE	MIR
chr2	22456819	22457133	AluY	SINE	Alu
chr2	22460925	22461080	MIR	SINE	MIR
chr2	22466256	22466528	AluSc8	SINE	Alu
chr2	22467291	22467423	FLAM_C	SINE	Alu
chr2	22469542	22469703	MIRc	SINE	MIR
chr2	22472565	22472872	AluJb	SINE	Alu
chr2	22473280	22473588	AluSz	SINE	Alu
chr2	22473802	22473912	MIR	SINE	MIR
chr2	22474618	22474740	MIR1_Amn	SINE	MIR
chr2	22475962	22476273	AluSc8	SINE	Alu
chr2	22478673	22478839	AluSg4	SINE	Alu
chr2	22481718	22481899	MIRb	SINE	MIR
chr2	22483525	22483760	MIRb	SINE	MIR
chr2	22484142	22484290	MIRc	SINE	MIR
chr2	22485012	22485240	MIR	SINE	MIR
chr2	22489994	22490099	MIRb	SINE	MIR
chr20	43828710	43828845	MIR	SINE	MIR
chr20	43829926	43829988	MIR	SINE	MIR
chr20	43830197	43830283	MIRb	SINE	MIR
chr20	43830427	43830638	MIRb	SINE	MIR
chr20	43831169	43831465	AluJb	SINE	Alu
chr20	43831668	43831845	MIRb	SINE	MIR
chr20	43832512	43832586	MIRb	SINE	MIR
chr20	43832806	43832944	MIRb	SINE	MIR
chr20	43833155	43833382	MIR	SINE	MIR
chr20	43833562	43833691	MIRb	SINE	MIR
chr20	43835562	43835884	AluSz	SINE	Alu
chr20	43835894	43836002	MIR3	SINE	MIR
chr20	43836337	43836462	MIRb	SINE	MIR
chr20	43836583	43836903	AluJr	SINE	Alu
chr20	43838401	43838487	MIR1_Amn	SINE	MIR
chr20	43840105	43840300	MIR	SINE	MIR
chr20	43840931	43841022	MIRb	SINE	MIR
chr20	43841124	43841217	MIRb	SINE	MIR
chr20	43841299	43841610	AluSx3	SINE	Alu
chr20	43842130	43842205	MIR3	SINE	MIR
chr20	43843008	43843181	MIR	SINE	MIR
chr20	43845827	43846000	AluSz	SINE	Alu
chr20	43847463	43847764	AluYj4	SINE	Alu
chr20	43847768	43847898	FLAM_C	SINE	Alu
chr20	43848110	43848176	MIRc	SINE	MIR
chr20	43848302	43848388	MIR3	SINE	MIR
chr20	43848609	43848917	AluSz	SINE	Alu
chr20	43848951	43849253	AluSx	SINE	Alu
chr20	43850487	43850788	AluSx1	SINE	Alu
chr20	43851917	43852230	AluYb8	SINE	Alu
chr20	43852458	43852770	AluSq2	SINE	Alu
chr20	43853102	43853153	AluJo	SINE	Alu
chr20	43853154	43853441	AluJb	SINE	Alu
chr20	43854287	43854584	AluSx	SINE	Alu
chr20	43854992	43855285	AluSx1	SINE	Alu
chr20	43855911	43856073	MIR	SINE	MIR
chr20	43856322	43856454	AluJr	SINE	Alu
chr20	43858703	43858999	AluJb	SINE	Alu
chr20	43859100	43859409	AluSp	SINE	Alu
chr20	43860371	43860670	AluY	SINE	Alu
chr20	43861038	43861139	MIRb	SINE	MIR
chr20	43861625	43861726	MIRc	SINE	MIR
chr20	43861782	43861856	MIR1_Amn	SINE	MIR
chr20	43861881	43862184	AluSx1	SINE	Alu
chr20	43862698	43862959	AluJr4	SINE	Alu
chr20	43863156	43863444	AluYh3	SINE	Alu
chr20	43863620	43863703	MIRc	SINE	MIR
chr20	43863775	43863966	MIRb	SINE	MIR
chr20	43864603	43864736	AluSx	SINE	Alu
chr20	43864778	43864945	AluSx	SINE	Alu
chr20	43866250	43866386	MIRb	SINE	MIR
chr20	43866829	43866971	MIRb	SINE	MIR
chr20	43867196	43867480	AluSp	SINE	Alu
chr20	43867649	43867766	MIRb	SINE	MIR
chr20	43867873	43868080	MIR	SINE	MIR
chr20	43869958	43870051	AluSz6	SINE	Alu
chr20	43877702	43877986	AluSz	SINE	Alu
chr20	43879384	43879697	AluSx	SINE	Alu
chr20	54224743	54225050	AluSx	SINE	Alu
chr20	54225238	54225414	MIR	SINE	MIR
chr20	54225967	54226172	MIR	SINE	MIR
chr20	54226454	54226706	AluJb	SINE	Alu
chr20	54228777	54228997	MIRb	SINE	MIR
chr20	54229056	54229138	MIRb	SINE	MIR
chr20	54230540	54230836	AluSc5	SINE	Alu
chr20	54232270	54232408	MIR3	SINE	MIR
chr20	54234462	54234603	MIRb	SINE	MIR
chr20	54234551	54234776	MIR	SINE	MIR
chr20	54234802	54234880	MIRb	SINE	MIR
chr20	54236968	54237260	AluSp	SINE	Alu
chr20	54239691	54239981	AluSp	SINE	Alu
chr20	54245975	54246286	AluSx	SINE	Alu
chr20	54247182	54247394	MIR	SINE	MIR
chr20	54250822	54250913	MIR	SINE	MIR
chr20	54251503	54251635	MIRb	SINE	MIR
chr20	54251783	54252027	MIR	SINE	MIR
chr20	54252131	54252394	AluY	SINE	Alu
chr20	54253398	54253707	AluSz	SINE	Alu
chr20	54254480	54254782	AluJb	SINE	Alu
chr20	54255755	54255946	MIR	SINE	MIR
chr20	54258175	54258314	MIR	SINE	MIR
chr20	54262194	54262377	MIR	SINE	MIR
chr20	54265951	54266244	AluSz	SINE	Alu
chr20	54267346	54267526	MIRb	SINE	MIR
chr20	54272675	54272792	MIRb	SINE	MIR
chr20	54273505	54273603	FRAM	SINE	Alu
chr20	54273906	54274201	AluY	SINE	Alu
chr20	54275388	54275613	MIRb	SINE	MIR
chr20	57479667	57479762	MIR	SINE	MIR
chr20	57479778	57479958	AluSx	SINE	Alu
chr20	57479958	57480271	AluSq2	SINE	Alu
chr20	57482290	57482387	MIRb	SINE	MIR
chr20	57484442	57484611	AluYm1	SINE	Alu
chr20	57484643	57484759	AluYm1	SINE	Alu
chr20	57489593	57489885	AluSx	SINE	Alu
chr20	57490160	57490468	AluY	SINE	Alu
chr20	57490832	57491123	AluY	SINE	Alu
chr20	57491167	57491186	AluY	SINE	Alu
chr20	57491190	57491493	AluSz	SINE	Alu
chr20	57493654	57493744	AluJb	SINE	Alu
chr20	57493809	57493977	AluJr4	SINE	Alu
chr20	57493996	57494161	AluJb	SINE	Alu
chr20	57494210	57494359	AluJb	SINE	Alu
chr20	57495621	57495912	AluSx1	SINE	Alu
chr20	57500182	57500456	AluSx1	SINE	Alu
chr20	57503787	57503949	AluJb	SINE	Alu
chr20	57504013	57504275	AluY	SINE	Alu
chr20	57504284	57504575	AluSz	SINE	Alu
chr20	57505247	57505555	AluY	SINE	Alu
chr20	57506303	57506601	AluSg	SINE	Alu
chr20	57507194	57507496	AluSz	SINE	Alu
chr20	57507928	57508216	AluJr4	SINE	Alu
chr20	57509284	57509562	AluJo	SINE	Alu
chr20	57510581	57510879	AluY	SINE	Alu
chr20	57511053	57511339	AluJo	SINE	Alu
chr20	57511596	57511892	AluSz	SINE	Alu
chr20	57514183	57514313	MIRc	SINE	MIR
chr20	57515132	57515444	AluJb	SINE	Alu
chr20	57516259	57516562	AluJb	SINE	Alu
chr20	57517283	57517577	AluSz	SINE	Alu
chr3	177553282	177553380	MIRc	SINE	MIR
chr3	177554416	177554489	MIR3	SINE	MIR
chr3	177558378	177558659	AluSx1	SINE	Alu
chr3	177560854	177561048	AluSx1	SINE	Alu
chr3	177561048	177561362	AluYb8	SINE	Alu
chr3	177561362	177561476	AluSx1	SINE	Alu
chr3	177564156	177564457	AluSz	SINE	Alu
chr3	177565390	177565696	AluY	SINE	Alu
chr3	177568689	177569010	AluSx1	SINE	Alu
chr3	177573122	177573433	AluSp	SINE	Alu
chr3	177573579	177573805	MIRb	SINE	MIR
chr3	177574598	177574727	MIR3	SINE	MIR
chr3	177574895	177574957	MIRb	SINE	MIR
chr3	177575451	177575685	MIRb	SINE	MIR
chr3	177578369	177578635	AluSx	SINE	Alu
chr3	177578957	177579086	MIR3	SINE	MIR
chr3	177579890	177580018	FLAM_A	SINE	Alu
chr3	177581118	177581393	AluSg	SINE	Alu
chr3	177581495	177581791	AluSx	SINE	Alu
chr3	177581951	177582111	AluSx	SINE	Alu
chr3	177583955	177584262	AluSx1	SINE	Alu
chr3	177586823	177587110	AluSc8	SINE	Alu
chr3	177588756	177588846	MIRb	SINE	MIR
chr3	177589406	177589634	MIRb	SINE	MIR
chr3	177590474	177590491	MIR3	SINE	MIR
chr3	177590491	177590802	AluSq2	SINE	Alu
chr3	177590802	177590976	MIRc	SINE	MIR
chr3	177592050	177592275	MIR	SINE	MIR
chr3	177593121	177593203	MIR	SINE	MIR
chr3	177593203	177593507	AluSp	SINE	Alu
chr3	177593507	177593576	MIR	SINE	MIR
chr3	177600795	177601040	MIRc	SINE	MIR
chr3	177601570	177601858	AluSz6	SINE	Alu
chr3	177603939	177604219	AluSz	SINE	Alu
chr3	177604504	177604795	AluSc	SINE	Alu
chr5	78789726	78789845	MIR	SINE	MIR
chr5	78790213	78790413	MIR	SINE	MIR
chr5	78790415	78790536	MIR	SINE	MIR
chr5	78790570	78790674	MIR	SINE	MIR
chr5	78792099	78792395	AluSz6	SINE	Alu
chr5	78792555	78792687	MIRb	SINE	MIR
chr5	78794891	78795125	MIR	SINE	MIR
chr5	78796563	78796624	MIRb	SINE	MIR
chr5	78796661	78796879	AluSc	SINE	Alu
chr5	78796879	78797176	AluYa5	SINE	Alu
chr5	78797176	78797261	AluSc	SINE	Alu
chr5	78800035	78800337	AluSz	SINE	Alu
chr5	78802708	78802766	MIR3	SINE	MIR
chr5	78803862	78803917	MIRb	SINE	MIR
chr5	78805879	78806072	MIR	SINE	MIR
chr5	78807811	78808118	AluYa5	SINE	Alu
chr5	78812718	78812996	AluJb	SINE	Alu
chr5	78813060	78813363	AluSx	SINE	Alu
chr5	78813475	78813772	AluJb	SINE	Alu
chr5	78817526	78817842	AluSx	SINE	Alu
chr5	78817863	78818147	AluSz	SINE	Alu
chr5	78818598	78818773	AluYh3	SINE	Alu
chr5	78820389	78820576	AluSx1	SINE	Alu
chr5	78821123	78821437	AluSq2	SINE	Alu
chr5	78822629	78822935	AluYh3	SINE	Alu
chr5	78826038	78826344	AluSx4	SINE	Alu
chr5	78827218	78827510	AluSx3	SINE	Alu
chr5	78831147	78831314	MIR1_Amn	SINE	MIR
chr5	78831683	78831761	MIR3	SINE	MIR
chr5	78835753	78835831	MIR3	SINE	MIR
chr5	78836490	78836620	MIRc	SINE	MIR
chr5	78839047	78839207	MIRb	SINE	MIR
chr5	78840000	78840057	MIR3	SINE	MIR
chr5	78841013	78841132	AluJr	SINE	Alu
chr5	138447166	138447470	AluSc	SINE	Alu
chr5	138447483	138447599	AluJb	SINE	Alu
chr5	138447624	138447889	AluSz	SINE	Alu
chr5	138450460	138450632	AluSz6	SINE	Alu
chr5	138450632	138450943	AluY	SINE	Alu
chr5	138450943	138451071	AluSz6	SINE	Alu
chr5	138451361	138451534	AluSx1	SINE	Alu
chr5	138452328	138452626	AluSz	SINE	Alu
chr5	138452631	138452819	AluJb	SINE	Alu
chr5	138453250	138453567	AluSg	SINE	Alu
chr5	138454730	138454881	AluJb	SINE	Alu
chr5	138456226	138456519	AluSz6	SINE	Alu
chr5	138456732	138457027	AluSx	SINE	Alu
chr5	138458021	138458221	MIR	SINE	MIR
chr5	138462266	138462390	MIR	SINE	MIR
chr5	138462390	138462686	AluY	SINE	Alu
chr5	138462686	138462754	MIR	SINE	MIR
chr5	138462754	138463068	AluSx	SINE	Alu
chr5	138463076	138463400	AluJo	SINE	Alu
chr5	138463400	138463467	MIR	SINE	MIR
chr5	138469468	138469662	AluJb	SINE	Alu
chr5	138471383	138471547	AluJo	SINE	Alu
chr5	138471547	138471848	AluSx1	SINE	Alu
chr5	138471848	138471987	AluJo	SINE	Alu
chr5	138473125	138473411	AluJo	SINE	Alu
chr5	138473441	138473747	AluSq	SINE	Alu
chr5	138474418	138474730	AluYh3	SINE	Alu
chr5	138474850	138475159	AluSp	SINE	Alu
chr5	138475705	138476011	AluSg	SINE	Alu
chr5	138476051	138476327	AluSz	SINE	Alu
chr5	138477536	138477833	AluSz6	SINE	Alu
chr5	138477861	138478171	AluSx1	SINE	Alu
chr5	138478907	138479217	AluY	SINE	Alu
chr5	138479262	138479355	MIR	SINE	MIR
chr5	138479381	138479689	AluJb	SINE	Alu
chr5	138479903	138479997	AluSc	SINE	Alu
chr5	138480317	138480594	AluY	SINE	Alu
chr5	138480609	138480916	AluSp	SINE	Alu
chr5	138480963	138481262	AluSx	SINE	Alu
chr5	138481456	138481754	AluJo	SINE	Alu
chr5	138481757	138482072	AluSx1	SINE	Alu
chr5	138483238	138483541	AluY	SINE	Alu
chr5	138484288	138484599	AluYm1	SINE	Alu
chr5	138485127	138485275	FAM	SINE	Alu
chr5	138485413	138485725	AluSq2	SINE	Alu
chr5	138485899	138486205	AluY	SINE	Alu
chr5	138486265	138486572	AluSp	SINE	Alu
chr5	138487354	138487664	AluY	SINE	Alu
chr5	138487695	138487832	AluSx	SINE	Alu
chr5	138487919	138488171	AluSx3	SINE	Alu
chr5	138488171	138488337	AluSx	SINE	Alu
chr5	138488737	138488938	MIRb	SINE	MIR
chr5	138488959	138489028	MIRb	SINE	MIR
chr5	138489036	138489249	AluJb	SINE	Alu
chr5	138489290	138489407	MIRb	SINE	MIR
chr5	138490180	138490405	MIRb	SINE	MIR
chr5	138491473	138491661	MIRb	SINE	MIR
chr5	138494143	138494435	AluSx3	SINE	Alu
chr5	138494712	138494851	AluYk11	SINE	Alu
chr5	138494978	138495291	AluSq	SINE	Alu
chr5	138495975	138496275	AluSp	SINE	Alu
chr5	138496321	138496629	AluY	SINE	Alu
chr5	138496637	138496916	AluSz	SINE	Alu
chr5	138496948	138497249	AluJb	SINE	Alu
chr5	138497527	138497836	AluJb	SINE	Alu
chr5	138497935	138498214	AluJr4	SINE	Alu
chr5	138499236	138499552	AluSz	SINE	Alu
chr5	138499787	138499999	AluJr	SINE	Alu
chr5	138500000	138500093	FRAM	SINE	Alu
chr5	138500227	138500536	AluSx1	SINE	Alu
chr5	138500669	138500774	AluSz6	SINE	Alu
chr5	138500944	138501252	AluSc	SINE	Alu
chr5	138502480	138502643	MIR3	SINE	MIR
chr5	138502647	138502743	AluJb	SINE	Alu
chr5	138502743	138503043	AluY	SINE	Alu
chr5	138503043	138503269	AluJb	SINE	Alu
chr5	138503537	138503596	MIRb	SINE	MIR
chr5	138504059	138504173	MIRb	SINE	MIR
chr5	138504276	138504568	AluSx1	SINE	Alu
chr5	138505652	138505799	MIRb	SINE	MIR
