removed	LH00352:45:227NC2LT1:2:1201:44599:25500	LH00352:45:227NC2LT1:2:1201:44618:25500
removed	LH00352:45:227NC2LT1:2:2168:9450:25083	LH00352:45:227NC2LT1:2:2108:33986:29022
removed	LH00352:45:227NC2LT1:2:1162:16883:23610	LH00352:45:227NC2LT1:2:2162:19841:27261
removed	LH00352:45:227NC2LT1:2:2143:34088:15428	LH00352:45:227NC2LT1:2:2143:34079:15412
removed	LH00352:45:227NC2LT1:2:2164:40735:4267	LH00352:45:227NC2LT1:2:2164:40753:4267
removed	LH00352:45:227NC2LT1:2:2167:4254:20055	LH00352:45:227NC2LT1:2:2167:4263:20071
removed	LH00352:45:227NC2LT1:2:2202:38257:6156	LH00352:45:227NC2LT1:2:2202:38267:6172
removed	LH00352:45:227NC2LT1:2:1124:12676:22249	LH00352:45:227NC2LT1:2:1132:41558:22697
removed	LH00352:45:227NC2LT1:2:1233:30020:26989	LH00352:45:227NC2LT1:2:2140:26368:9679
removed	LH00352:45:227NC2LT1:2:1156:8636:27357	LH00352:45:227NC2LT1:2:1156:8655:27357
removed	LH00352:45:227NC2LT1:2:1231:32193:6765	LH00352:45:227NC2LT1:2:2141:23872:10448
removed	LH00352:45:227NC2LT1:2:1231:12390:13330	LH00352:45:227NC2LT1:2:2218:5909:29102
removed	LH00352:45:227NC2LT1:2:1258:28753:15091	LH00352:45:227NC2LT1:2:1258:28772:15091
removed	LH00352:45:227NC2LT1:2:2168:17909:17285	LH00352:45:227NC2LT1:2:2212:38738:20760
removed	LH00352:45:227NC2LT1:2:2149:13398:25612	LH00352:45:227NC2LT1:2:2157:42168:8094,LH00352:45:227NC2LT1:2:2157:42177:8078
removed	LH00352:45:227NC2LT1:2:1117:44941:12577	LH00352:45:227NC2LT1:2:1161:39163:9903,LH00352:45:227NC2LT1:2:1204:20405:20648
removed	LH00352:45:227NC2LT1:2:1251:16448:27501	LH00352:45:227NC2LT1:2:1251:16458:27517
removed	LH00352:45:227NC2LT1:2:1129:48020:8622	LH00352:45:227NC2LT1:2:1129:48039:8622
removed	LH00352:45:227NC2LT1:2:1117:47096:28862	LH00352:45:227NC2LT1:2:1117:47086:28846
removed	LH00352:45:227NC2LT1:2:1234:32368:7966	LH00352:45:227NC2LT1:2:1234:32378:7982
removed	LH00352:45:227NC2LT1:2:2153:43462:15972	LH00352:45:227NC2LT1:2:2153:43472:15956
removed	LH00352:45:227NC2LT1:2:2148:20294:14403	LH00352:45:227NC2LT1:2:2155:31841:12145
removed	LH00352:45:227NC2LT1:2:1138:17604:16917	LH00352:45:227NC2LT1:2:1138:17595:16901
removed	LH00352:45:227NC2LT1:2:1232:17576:12385	LH00352:45:227NC2LT1:2:1241:23077:12177
removed	LH00352:45:227NC2LT1:2:2104:34458:14531	LH00352:45:227NC2LT1:2:1126:20766:27325
removed	LH00352:45:227NC2LT1:2:1225:14562:11040	LH00352:45:227NC2LT1:2:1158:30538:26765
removed	LH00352:45:227NC2LT1:2:2235:23068:13666	LH00352:45:227NC2LT1:2:1131:18501:17477
removed	LH00352:45:227NC2LT1:2:2140:40643:18582	LH00352:45:227NC2LT1:2:1140:40929:14435
removed	LH00352:45:227NC2LT1:2:2223:50821:11424	LH00352:45:227NC2LT1:2:1139:37962:8430
removed	LH00352:45:227NC2LT1:2:1260:5576:24203	LH00352:45:227NC2LT1:2:1243:35539:8110
removed	LH00352:45:227NC2LT1:2:1224:16735:6797	LH00352:45:227NC2LT1:2:1224:16753:6797
removed	LH00352:45:227NC2LT1:2:1234:49092:19575	LH00352:45:227NC2LT1:2:1229:49111:17813
removed	LH00352:45:227NC2LT1:2:2120:30889:13282	LH00352:45:227NC2LT1:2:1255:3182:19223
removed	LH00352:45:227NC2LT1:2:2122:30935:27293	LH00352:45:227NC2LT1:2:1202:13925:14803
removed	LH00352:45:227NC2LT1:2:1229:21385:22249	LH00352:45:227NC2LT1:2:1225:41151:17894
removed	LH00352:45:227NC2LT1:2:1170:12871:27741	LH00352:45:227NC2LT1:2:1170:12889:27741
removed	LH00352:45:227NC2LT1:2:1168:46411:3914	LH00352:45:227NC2LT1:2:1168:46393:3914
removed	LH00352:45:227NC2LT1:2:1107:36815:8462	LH00352:45:227NC2LT1:2:2236:5123:9455
removed	LH00352:45:227NC2LT1:2:1112:13277:27421	LH00352:45:227NC2LT1:2:1227:19277:16004
removed	LH00352:45:227NC2LT1:2:2115:21986:17749	LH00352:45:227NC2LT1:2:1111:51801:23754
removed	LH00352:45:227NC2LT1:2:1145:15404:19415	LH00352:45:227NC2LT1:2:1145:15394:19399,LH00352:45:227NC2LT1:2:1145:15394:19431
removed	LH00352:45:227NC2LT1:2:1250:21376:4395	LH00352:45:227NC2LT1:2:1250:21357:4395
removed	LH00352:45:227NC2LT1:2:1167:16550:26492	LH00352:45:227NC2LT1:2:1167:16541:26476
removed	LH00352:45:227NC2LT1:2:1113:13906:26012	LH00352:45:227NC2LT1:2:1113:13897:26028
removed	LH00352:45:227NC2LT1:2:1136:15376:1304	LH00352:45:227NC2LT1:2:1136:15385:1320
removed	LH00352:45:227NC2LT1:2:1246:12945:2313	LH00352:45:227NC2LT1:2:1246:12963:2313
removed	LH00352:45:227NC2LT1:2:2139:8183:29167	LH00352:45:227NC2LT1:2:2139:8193:29183
removed	LH00352:45:227NC2LT1:2:2103:23706:12817	LH00352:45:227NC2LT1:2:2103:23724:12817
removed	LH00352:45:227NC2LT1:2:1115:10827:17413	LH00352:45:227NC2LT1:2:1115:10846:17413
removed	LH00352:45:227NC2LT1:2:1105:10920:8158	LH00352:45:227NC2LT1:2:1105:10929:8142,LH00352:45:227NC2LT1:2:1105:9626:8862
removed	LH00352:45:227NC2LT1:2:2212:16116:1400	LH00352:45:227NC2LT1:2:2212:16134:1400
removed	LH00352:45:227NC2LT1:2:2104:28522:20007	LH00352:45:227NC2LT1:2:1231:2988:15748
removed	LH00352:45:227NC2LT1:2:1217:39358:24523	LH00352:45:227NC2LT1:2:1217:39339:24523
removed	LH00352:45:227NC2LT1:2:2101:19277:20744	LH00352:45:227NC2LT1:2:2101:19287:20728,LH00352:45:227NC2LT1:2:2101:19296:20712,LH00352:45:227NC2LT1:2:2101:19305:20728
removed	LH00352:45:227NC2LT1:2:1151:30445:18214	LH00352:45:227NC2LT1:2:1151:30455:18198
removed	LH00352:45:227NC2LT1:2:1161:33764:14419	LH00352:45:227NC2LT1:2:1161:33755:14403
removed	LH00352:45:227NC2LT1:2:1158:5160:18454	LH00352:45:227NC2LT1:2:1158:5179:18454
removed	LH00352:45:227NC2LT1:2:2122:13416:4475	LH00352:45:227NC2LT1:2:2122:13407:4459
removed	LH00352:45:227NC2LT1:2:1134:40596:4827	LH00352:45:227NC2LT1:2:1134:44017:7197
removed	LH00352:45:227NC2LT1:2:1170:13971:11296	LH00352:45:227NC2LT1:2:1170:13961:11312
removed	LH00352:45:227NC2LT1:2:1134:39644:13330	LH00352:45:227NC2LT1:2:1134:39635:13346
removed	LH00352:45:227NC2LT1:2:2145:5863:1320	LH00352:45:227NC2LT1:2:2145:5881:1320
removed	LH00352:45:227NC2LT1:2:2133:20350:23626	LH00352:45:227NC2LT1:2:1251:13166:26396
removed	LH00352:45:227NC2LT1:2:2235:44978:13826	LH00352:45:227NC2LT1:2:2235:44969:13842
removed	LH00352:45:227NC2LT1:2:1209:41012:11857	LH00352:45:227NC2LT1:2:1132:22300:27005,LH00352:45:227NC2LT1:2:1209:41031:11857
removed	LH00352:45:227NC2LT1:2:1134:39866:26877	LH00352:45:227NC2LT1:2:1234:15690:17894
removed	LH00352:45:227NC2LT1:2:1251:26433:3706	LH00352:45:227NC2LT1:2:1251:26415:3706
removed	LH00352:45:227NC2LT1:2:2113:15117:24331	LH00352:45:227NC2LT1:2:2113:15099:24331
removed	LH00352:45:227NC2LT1:2:2230:32072:17477	LH00352:45:227NC2LT1:2:2230:32091:17477
removed	LH00352:45:227NC2LT1:2:2222:21764:8302	LH00352:45:227NC2LT1:2:2222:21774:8318
removed	LH00352:45:227NC2LT1:2:1138:5197:25083	LH00352:45:227NC2LT1:2:1141:31619:11312
removed	LH00352:45:227NC2LT1:2:1214:10032:11841	LH00352:45:227NC2LT1:2:1259:9589:28110
removed	LH00352:45:227NC2LT1:2:1117:1601:16324	LH00352:45:227NC2LT1:2:1117:1592:16340
removed	LH00352:45:227NC2LT1:2:2121:27995:23290	LH00352:45:227NC2LT1:2:2121:28005:23274
removed	LH00352:45:227NC2LT1:2:1145:40051:21753	LH00352:45:227NC2LT1:2:1145:40032:21753
removed	LH00352:45:227NC2LT1:2:1103:38627:6316	LH00352:45:227NC2LT1:2:1103:39154:6236
removed	LH00352:45:227NC2LT1:2:1211:9737:4635	LH00352:45:227NC2LT1:2:2156:38868:9006
removed	LH00352:45:227NC2LT1:2:1265:22800:22201	LH00352:45:227NC2LT1:2:1255:28162:16500
removed	LH00352:45:227NC2LT1:2:2216:49638:12994	LH00352:45:227NC2LT1:2:2216:49656:12994
removed	LH00352:45:227NC2LT1:2:1155:34060:18550	LH00352:45:227NC2LT1:2:1155:34051:18534
removed	LH00352:45:227NC2LT1:2:1208:8997:10271	LH00352:45:227NC2LT1:2:1208:9015:10271
removed	LH00352:45:227NC2LT1:2:1209:9200:11296	LH00352:45:227NC2LT1:2:1209:9219:11296
removed	LH00352:45:227NC2LT1:2:1142:42889:21544	LH00352:45:227NC2LT1:2:1142:42871:21544
removed	LH00352:45:227NC2LT1:2:1263:51921:1673	LH00352:45:227NC2LT1:2:1241:5484:20167
removed	LH00352:45:227NC2LT1:2:2149:17049:20664	LH00352:45:227NC2LT1:2:2149:17031:20664
removed	LH00352:45:227NC2LT1:2:2159:3071:28446	LH00352:45:227NC2LT1:2:2159:3080:28430
removed	LH00352:45:227NC2LT1:2:1119:34005:14291	LH00352:45:227NC2LT1:2:1248:7684:1528
removed	LH00352:45:227NC2LT1:2:1228:5465:23594	LH00352:45:227NC2LT1:2:1228:5475:23610
removed	LH00352:45:227NC2LT1:2:2144:33265:20343	LH00352:45:227NC2LT1:2:2210:41262:3386
removed	LH00352:45:227NC2LT1:2:1228:8442:24042	LH00352:45:227NC2LT1:2:2135:7444:23434
removed	LH00352:45:227NC2LT1:2:1238:26784:1272	LH00352:45:227NC2LT1:2:1238:26775:1256
removed	LH00352:45:227NC2LT1:2:2150:46032:15748	LH00352:45:227NC2LT1:2:2150:46042:15732
removed	LH00352:45:227NC2LT1:2:1263:18797:9791	LH00352:45:227NC2LT1:2:1263:18806:9775
removed	LH00352:45:227NC2LT1:2:2203:39191:9663	LH00352:45:227NC2LT1:2:2203:39182:9647
removed	LH00352:45:227NC2LT1:2:1151:11918:24042	LH00352:45:227NC2LT1:2:1117:1250:18438
removed	LH00352:45:227NC2LT1:2:2206:39265:6364	LH00352:45:227NC2LT1:2:2206:39274:6380
removed	LH00352:45:227NC2LT1:2:2205:38609:26620	LH00352:45:227NC2LT1:2:2205:38590:26620
removed	LH00352:45:227NC2LT1:2:1170:36593:13394	LH00352:45:227NC2LT1:2:1170:36584:13410
removed	LH00352:45:227NC2LT1:2:1156:6057:15460	LH00352:45:227NC2LT1:2:1156:6076:15460
removed	LH00352:45:227NC2LT1:2:1131:17345:16821	LH00352:45:227NC2LT1:2:2123:11373:11665
kept	LH00352:45:227NC2LT1:2:1232:34116:13202	LH00352:45:227NC2LT1:2:1232:34125:13218
kept	LH00352:45:227NC2LT1:2:2157:48982:3434	LH00352:45:227NC2LT1:2:2157:48972:3418
kept	LH00352:45:227NC2LT1:2:1241:50202:7373	LH00352:45:227NC2LT1:2:1241:50193:7357
kept	LH00352:45:227NC2LT1:2:1140:49564:27373	LH00352:45:227NC2LT1:2:1140:49582:27373
kept	LH00352:45:227NC2LT1:2:1135:32368:25644	LH00352:45:227NC2LT1:2:1135:32387:25644
kept	LH00352:45:227NC2LT1:2:2114:10319:15315	LH00352:45:227NC2LT1:2:2114:10300:15315
kept	LH00352:45:227NC2LT1:2:1241:24353:10800	LH00352:45:227NC2LT1:2:2201:11290:22377
kept	LH00352:45:227NC2LT1:2:2224:45321:17749	LH00352:45:227NC2LT1:2:2224:45330:17765
kept	LH00352:45:227NC2LT1:2:1143:40060:9759	LH00352:45:227NC2LT1:2:1143:40051:9743
kept	LH00352:45:227NC2LT1:2:1269:16448:26925	LH00352:45:227NC2LT1:2:1147:40513:27357
kept	LH00352:45:227NC2LT1:2:2112:39099:25484	LH00352:45:227NC2LT1:2:2112:39089:25468
kept	LH00352:45:227NC2LT1:2:1118:12972:9183	LH00352:45:227NC2LT1:2:1118:12963:8494
kept	LH00352:45:227NC2LT1:2:1101:23299:28766	LH00352:45:227NC2LT1:2:1101:23317:28766
kept	LH00352:45:227NC2LT1:2:2219:31213:17621	LH00352:45:227NC2LT1:2:2214:40606:16596,LH00352:45:227NC2LT1:2:2214:40615:16612
kept	LH00352:45:227NC2LT1:2:1266:23743:8686	LH00352:45:227NC2LT1:2:1266:23752:8702
kept	LH00352:45:227NC2LT1:2:1228:5012:17077	LH00352:45:227NC2LT1:2:1228:5022:17061
kept	LH00352:45:227NC2LT1:2:2142:4550:9327	LH00352:45:227NC2LT1:2:2142:4559:9311
kept	LH00352:45:227NC2LT1:2:1109:34615:23386	LH00352:45:227NC2LT1:2:1109:34596:23386
kept	LH00352:45:227NC2LT1:2:2130:34587:15972	LH00352:45:227NC2LT1:2:2130:34578:15988
kept	LH00352:45:227NC2LT1:2:1210:22763:27741	LH00352:45:227NC2LT1:2:2211:17160:2633
kept	LH00352:45:227NC2LT1:2:2116:31823:7565	LH00352:45:227NC2LT1:2:1237:16254:5484
kept	LH00352:45:227NC2LT1:2:1163:42824:1801	LH00352:45:227NC2LT1:2:1163:42815:1817
kept	LH00352:45:227NC2LT1:2:2101:18815:18406	LH00352:45:227NC2LT1:2:2101:18824:18422,LH00352:45:227NC2LT1:2:2101:18834:18438
kept	LH00352:45:227NC2LT1:2:1230:41955:2537	LH00352:45:227NC2LT1:2:1230:41965:2521
kept	LH00352:45:227NC2LT1:2:2134:30575:19751	LH00352:45:227NC2LT1:2:2203:7499:3034
kept	LH00352:45:227NC2LT1:2:2107:45071:7133	LH00352:45:227NC2LT1:2:2107:45062:7117
kept	LH00352:45:227NC2LT1:2:1225:5049:11344	LH00352:45:227NC2LT1:2:1225:5068:11504
kept	LH00352:45:227NC2LT1:2:1148:23216:14915	LH00352:45:227NC2LT1:2:1148:23234:14915
kept	LH00352:45:227NC2LT1:2:2163:35133:27485	LH00352:45:227NC2LT1:2:1263:5678:18294
kept	LH00352:45:227NC2LT1:2:1230:40208:3130	LH00352:45:227NC2LT1:2:1230:40199:3146
kept	LH00352:45:227NC2LT1:2:1250:38017:25980	LH00352:45:227NC2LT1:2:1250:38026:25996
kept	LH00352:45:227NC2LT1:2:1139:18316:11456	LH00352:45:227NC2LT1:2:1139:18307:11472
kept	LH00352:45:227NC2LT1:2:1246:45247:2409	LH00352:45:227NC2LT1:2:1246:45237:2393
kept	LH00352:45:227NC2LT1:2:2149:16180:5676	LH00352:45:227NC2LT1:2:2147:30214:21753
kept	LH00352:45:227NC2LT1:2:2111:5974:24699	LH00352:45:227NC2LT1:2:1267:18039:13250
kept	LH00352:45:227NC2LT1:2:1251:2341:21480	LH00352:45:227NC2LT1:2:1251:2350:21496
kept	LH00352:45:227NC2LT1:2:1101:51015:3274	LH00352:45:227NC2LT1:2:1267:4005:12513
kept	LH00352:45:227NC2LT1:2:1217:12917:26925	LH00352:45:227NC2LT1:2:1217:12908:26941
kept	LH00352:45:227NC2LT1:2:1270:49296:22329	LH00352:45:227NC2LT1:2:1270:49277:22329
kept	LH00352:45:227NC2LT1:2:1205:7888:15011	LH00352:45:227NC2LT1:2:1205:7897:14995
kept	LH00352:45:227NC2LT1:2:2203:50461:2153	LH00352:45:227NC2LT1:2:1269:34569:21288,LH00352:45:227NC2LT1:2:2203:50470:2169
kept	LH00352:45:227NC2LT1:2:1127:8193:15668	LH00352:45:227NC2LT1:2:1127:8202:15684
kept	LH00352:45:227NC2LT1:2:1225:40069:5452	LH00352:45:227NC2LT1:2:1230:5567:14899
kept	LH00352:45:227NC2LT1:2:1246:15931:27405	LH00352:45:227NC2LT1:2:1246:15921:27421
kept	LH00352:45:227NC2LT1:2:2144:20969:15924	LH00352:45:227NC2LT1:2:2144:20951:15924
kept	LH00352:45:227NC2LT1:2:1245:3302:24042	LH00352:45:227NC2LT1:2:1245:3293:24026
kept	LH00352:45:227NC2LT1:2:2113:28088:27966	LH00352:45:227NC2LT1:2:2113:28069:27966
kept	LH00352:45:227NC2LT1:2:1111:17872:9951	LH00352:45:227NC2LT1:2:1111:21690:14387
kept	LH00352:45:227NC2LT1:2:2215:31610:25772	LH00352:45:227NC2LT1:2:2215:31629:25772
kept	LH00352:45:227NC2LT1:2:2151:48048:13346	LH00352:45:227NC2LT1:2:2151:48029:13346
kept	LH00352:45:227NC2LT1:2:2101:38821:6845	LH00352:45:227NC2LT1:2:2101:38831:6829
kept	LH00352:45:227NC2LT1:2:1232:17401:15924	LH00352:45:227NC2LT1:2:1205:1952:20936
kept	LH00352:45:227NC2LT1:2:2159:7740:2041	LH00352:45:227NC2LT1:2:1111:44183:7293
kept	LH00352:45:227NC2LT1:2:1241:29817:25259	LH00352:45:227NC2LT1:2:1139:51284:19495
kept	LH00352:45:227NC2LT1:2:1253:39025:1849	LH00352:45:227NC2LT1:2:1253:39015:1865
kept	LH00352:45:227NC2LT1:2:2149:51737:25660	LH00352:45:227NC2LT1:2:1123:3524:22313
kept	LH00352:45:227NC2LT1:2:1211:32461:28238	LH00352:45:227NC2LT1:2:1211:32451:28222
kept	LH00352:45:227NC2LT1:2:2216:9394:28510	LH00352:45:227NC2LT1:2:2216:9404:28494
kept	LH00352:45:227NC2LT1:2:2136:24889:8494	LH00352:45:227NC2LT1:2:2136:24871:8494
kept	LH00352:45:227NC2LT1:2:2216:48824:19175	LH00352:45:227NC2LT1:2:2216:48834:19159
kept	LH00352:45:227NC2LT1:2:2212:43361:28702	LH00352:45:227NC2LT1:2:2212:43379:28702
kept	LH00352:45:227NC2LT1:2:2135:38230:2553	LH00352:45:227NC2LT1:2:1234:42223:6076
kept	LH00352:45:227NC2LT1:2:1123:4171:29487	LH00352:45:227NC2LT1:2:1123:4162:29503
kept	LH00352:45:227NC2LT1:2:1106:39884:29503	LH00352:45:227NC2LT1:2:1106:39866:29503
kept	LH00352:45:227NC2LT1:2:1120:47595:3210	LH00352:45:227NC2LT1:2:1268:48556:18678
kept	LH00352:45:227NC2LT1:2:1213:23678:7773	LH00352:45:227NC2LT1:2:1213:23696:7773
kept	LH00352:45:227NC2LT1:2:1121:35660:21480	LH00352:45:227NC2LT1:2:1121:35669:21496
kept	LH00352:45:227NC2LT1:2:2217:33524:11889	LH00352:45:227NC2LT1:2:2217:33515:11905
kept	LH00352:45:227NC2LT1:2:1224:34948:16596	LH00352:45:227NC2LT1:2:1224:34929:16596
kept	LH00352:45:227NC2LT1:2:2204:2997:27069	LH00352:45:227NC2LT1:2:2204:2978:27069
kept	LH00352:45:227NC2LT1:2:1150:32137:29247	LH00352:45:227NC2LT1:2:1136:41428:7229
kept	LH00352:45:227NC2LT1:2:1143:50257:9423	LH00352:45:227NC2LT1:2:1143:46402:2297
kept	LH00352:45:227NC2LT1:2:2147:46781:28542	LH00352:45:227NC2LT1:2:1142:51607:29247
kept	LH00352:45:227NC2LT1:2:1219:20322:7341	LH00352:45:227NC2LT1:2:1165:35678:26444
kept	LH00352:45:227NC2LT1:2:1158:15783:19943	LH00352:45:227NC2LT1:2:1158:15764:19943
kept	LH00352:45:227NC2LT1:2:1205:22032:13250	LH00352:45:227NC2LT1:2:1101:37888:22970
kept	LH00352:45:227NC2LT1:2:1143:19333:3226	LH00352:45:227NC2LT1:2:1143:19324:3210
kept	LH00352:45:227NC2LT1:2:2114:4569:21016	LH00352:45:227NC2LT1:2:2227:5243:18598
kept	LH00352:45:227NC2LT1:2:1120:11151:6701	LH00352:45:227NC2LT1:2:1120:11142:6717
kept	LH00352:45:227NC2LT1:2:2216:19573:23146	LH00352:45:227NC2LT1:2:2216:19555:23146
kept	LH00352:45:227NC2LT1:2:1261:8655:12529	LH00352:45:227NC2LT1:2:1261:8646:12545
kept	LH00352:45:227NC2LT1:2:2207:33607:3002	LH00352:45:227NC2LT1:2:2207:33626:3002
kept	LH00352:45:227NC2LT1:2:1112:4587:16340	LH00352:45:227NC2LT1:2:1234:10652:20792
kept	LH00352:45:227NC2LT1:2:2137:5641:16564	LH00352:45:227NC2LT1:2:1137:38868:6572
kept	LH00352:45:227NC2LT1:2:1105:22291:21865	LH00352:45:227NC2LT1:2:1105:22300:21881
kept	LH00352:45:227NC2LT1:2:1265:10485:22873	LH00352:45:227NC2LT1:2:1265:10504:22873
kept	LH00352:45:227NC2LT1:2:2108:15265:28366	LH00352:45:227NC2LT1:2:1227:23197:24363
kept	LH00352:45:227NC2LT1:2:2219:34374:2697	LH00352:45:227NC2LT1:2:1269:30529:27197
kept	LH00352:45:227NC2LT1:2:2154:49139:21801	LH00352:45:227NC2LT1:2:2154:49157:21801
kept	LH00352:45:227NC2LT1:2:1260:19324:27133	LH00352:45:227NC2LT1:2:2108:4504:24074
kept	LH00352:45:227NC2LT1:2:2213:15829:11344	LH00352:45:227NC2LT1:2:2213:23225:11697
kept	LH00352:45:227NC2LT1:2:2162:12982:14739	LH00352:45:227NC2LT1:2:1129:20063:11697
kept	LH00352:45:227NC2LT1:2:2109:34042:11376	LH00352:45:227NC2LT1:2:2149:37684:18230
kept	LH00352:45:227NC2LT1:2:1135:15912:26284	LH00352:45:227NC2LT1:2:1267:19786:24635
kept	LH00352:45:227NC2LT1:2:1249:46698:28110	LH00352:45:227NC2LT1:2:1249:46707:28126
kept	LH00352:45:227NC2LT1:2:2128:46781:5516	LH00352:45:227NC2LT1:2:2118:38461:5163
kept	LH00352:45:227NC2LT1:2:1252:35807:25900	LH00352:45:227NC2LT1:2:1252:35817:25884
kept	LH00352:45:227NC2LT1:2:2207:20304:29151	LH00352:45:227NC2LT1:2:1256:48732:19014
kept	LH00352:45:227NC2LT1:2:1253:41216:3978	LH00352:45:227NC2LT1:2:2230:40069:25884
kept	LH00352:45:227NC2LT1:2:2133:2128:24475	LH00352:45:227NC2LT1:2:2133:2137:24491
