chr1	10583667	hom
chr1	12183446	het
chr1	12183711	het
chr1	12183748	het
chr1	28314958	het
chr1	34042952	hom
chr1	34045038	hom
chr1	56518715	het
chr1	56520910	het
chr1	56521234	het
chr1	56521254	het
chr1	61697557	hom
chr1	69409181	het
chr1	76102235	het
chr1	77213933	het
chr1	77328567	het
chr1	77329194	hom
chr1	77330452	het
chr1	95220449	het
chr1	95220930	het
chr1	95223834	het
chr1	150282509	het
chr1	150285535	hom
chr1	155416126	het
chr1	156873018	hom
chr1	159699084	hom
chr1	161752989	het
chr1	163258645	het
chr1	164018605	het
chr1	164019124	het
chr1	164021036	het
chr1	164021281	het
chr1	164338341	het
chr1	191880030	het
chr1	197335919	het
chr1	225766061	het
chr1	226972803	het
chr1	245939631	hom
chr1	245940565	hom
chr2	434915	het
chr2	6405140	hom
chr2	6405318	hom
chr2	6406476	hom
chr2	6406798	hom
chr2	8351571	het
chr2	8353578	het
chr2	13562705	hom
chr2	27395247	het
chr2	27515765	het
chr2	30134460	het
chr2	32231572	het
chr2	32972117	het
chr2	32972128	het
chr2	32972273	hom
chr2	38777106	het
chr2	49075439	hom
chr2	62165805	het
chr2	72305322	het
