chr1	10583667
chr1	12183446
chr1	12183711
chr1	12183748
chr1	150282509
chr1	150285535
chr1	155416126
chr1	156873018
chr1	159699084
chr1	161752989
chr1	163258645
chr1	164018605
chr1	164019124
chr1	164021036
chr1	164021281
chr1	164338341
chr1	191880030
chr1	197335919
chr1	225766061
chr1	226972803
chr1	245939631
chr1	245940565
chr1	28314958
chr1	34042952
chr1	34045038
chr1	56518715
chr1	56520910
chr1	56521234
chr1	56521254
chr1	61697557
chr1	69409181
chr1	76102235
chr1	77213933
chr1	77328567
chr1	77329194
chr1	77330452
chr1	95220449
chr1	95220930
chr1	95223834
chr2	13562705
chr2	27395247
chr2	27515765
chr2	30134460
chr2	32231572
chr2	32972117
chr2	32972128
chr2	32972273
chr2	38777106
chr2	434915
chr2	49075439
chr2	62165805
chr2	6405140
chr2	6405318
chr2	6406476
chr2	6406798
chr2	72305322
chr2	8351571
chr2	8353578
