rand	chr20	5365051	-
rand	chr20	7119236	-
rand	chr20	13780088	-
rand	chr20	18572351	-
rand	chr20	23819516	-
rand	chr20	39614441	-
hg	chr20	2883355	2883677
hg	chr20	6170298	6170630
hg	chr20	6270521	6270596
hg	chr20	17303442	17303525
hg	chr20	24913579	24913699
hg	chr20	32311424	32311729
hg	chr20	34528006	34528339
hg	chr20	41257715	41258003
hg	chr20	45906708	45907144
hg	chr20	51890786	51890857
hg	chr20	55497625	55497945
hg	chr20	57598460	57598510
null	chr20	93580	-
null	chr20	479016	-
null	chr20	1112500	-
null	chr20	1862043	-
null	chr20	1907953	-
null	chr20	2051092	-
null	chr20	2232827	-
null	chr20	2403090	-
null	chr20	2413709	-
null	chr20	2490761	-
null	chr20	3673022	-
null	chr20	3833865	-
null	chr20	4232388	-
null	chr20	4253438	-
null	chr20	4428455	-
null	chr20	4545559	-
null	chr20	4600096	-
null	chr20	4930818	-
null	chr20	5197079	-
null	chr20	5650637	-
null	chr20	6297168	-
null	chr20	6637962	-
null	chr20	7145370	-
null	chr20	7184512	-
null	chr20	7218289	-
null	chr20	7533676	-
null	chr20	7612919	-
null	chr20	7878634	-
null	chr20	9553706	-
null	chr20	9867627	-
null	chr20	10159616	-
null	chr20	10552688	-
null	chr20	10725228	-
null	chr20	11092461	-
null	chr20	11107053	-
null	chr20	11198505	-
null	chr20	11251151	-
null	chr20	11329641	-
null	chr20	11924986	-
null	chr20	11951042	-
null	chr20	12042608	-
null	chr20	12116817	-
null	chr20	12771548	-
null	chr20	12936479	-
null	chr20	13073202	-
null	chr20	13160606	-
null	chr20	13582856	-
null	chr20	14287933	-
null	chr20	14292163	-
null	chr20	14294458	-
null	chr20	14397620	-
null	chr20	14776172	-
null	chr20	15051782	-
null	chr20	15128929	-
null	chr20	15185815	-
null	chr20	15408946	-
null	chr20	15486526	-
null	chr20	15592397	-
null	chr20	15759675	-
null	chr20	16160314	-
null	chr20	16522626	-
null	chr20	16783906	-
null	chr20	16827480	-
null	chr20	17068302	-
null	chr20	17437080	-
null	chr20	17738015	-
null	chr20	17854018	-
null	chr20	17930769	-
null	chr20	18108303	-
null	chr20	18226977	-
null	chr20	18678515	-
null	chr20	18739369	-
null	chr20	18748862	-
null	chr20	18812061	-
null	chr20	19269802	-
null	chr20	19407796	-
null	chr20	19491738	-
null	chr20	20468376	-
null	chr20	20587258	-
null	chr20	20622852	-
null	chr20	20671021	-
null	chr20	21518446	-
null	chr20	21545566	-
null	chr20	21807044	-
null	chr20	22120350	-
null	chr20	22177103	-
null	chr20	22251928	-
null	chr20	22388770	-
null	chr20	22935443	-
null	chr20	22940082	-
null	chr20	23900326	-
null	chr20	24753462	-
null	chr20	25156577	-
null	chr20	25199835	-
null	chr20	25537452	-
null	chr20	31814039	-
null	chr20	31946057	-
null	chr20	32763077	-
null	chr20	33041008	-
null	chr20	33450138	-
null	chr20	33609776	-
null	chr20	34415525	-
null	chr20	35067174	-
null	chr20	35491014	-
null	chr20	35851164	-
null	chr20	35908585	-
null	chr20	35940240	-
null	chr20	36654530	-
null	chr20	36933624	-
null	chr20	37136191	-
null	chr20	38026262	-
null	chr20	38208707	-
null	chr20	38448009	-
null	chr20	38727421	-
null	chr20	39494482	-
null	chr20	39758725	-
null	chr20	39849660	-
null	chr20	39927266	-
null	chr20	40185358	-
null	chr20	41348870	-
null	chr20	41892687	-
null	chr20	41925978	-
null	chr20	42265762	-
null	chr20	42586586	-
null	chr20	42592446	-
null	chr20	42700765	-
null	chr20	42926273	-
null	chr20	42970110	-
null	chr20	43015462	-
null	chr20	43224505	-
null	chr20	43267105	-
null	chr20	43450268	-
null	chr20	43511427	-
null	chr20	43585686	-
null	chr20	43683652	-
null	chr20	43776722	-
null	chr20	43800971	-
null	chr20	44471867	-
null	chr20	45374950	-
null	chr20	45632755	-
null	chr20	45752480	-
null	chr20	46414841	-
null	chr20	46940668	-
null	chr20	47074515	-
null	chr20	48608150	-
null	chr20	48726940	-
null	chr20	48925892	-
null	chr20	49090665	-
null	chr20	49491518	-
null	chr20	49553892	-
null	chr20	50280335	-
null	chr20	50563398	-
null	chr20	50891122	-
null	chr20	51020063	-
null	chr20	51210830	-
null	chr20	51259111	-
null	chr20	51312315	-
null	chr20	51345390	-
null	chr20	51439662	-
null	chr20	51802642	-
null	chr20	51813171	-
null	chr20	51908146	-
null	chr20	51910756	-
null	chr20	52458704	-
null	chr20	52730650	-
null	chr20	53028999	-
null	chr20	53155540	-
null	chr20	53163209	-
null	chr20	53242768	-
null	chr20	53331745	-
null	chr20	53794114	-
null	chr20	54092654	-
null	chr20	54625430	-
null	chr20	54724162	-
null	chr20	54942014	-
null	chr20	55525131	-
null	chr20	55587894	-
null	chr20	56305508	-
null	chr20	57058099	-
null	chr20	57284221	-
null	chr20	58825708	-
null	chr20	59518534	-
null	chr20	59561008	-
null	chr20	60080246	-
null	chr20	60232862	-
null	chr20	60362317	-
null	chr20	60696054	-
null	chr20	60948495	-
null	chr20	61089920	-
null	chr20	61363642	-
null	chr20	61396172	-
null	chr20	61434885	-
null	chr20	61838208	-
null	chr20	62134920	-
null	chr20	62138999	-
null	chr20	62706072	-
null	chr20	63025749	-
null	chr20	63110779	-
null	chr20	64184621	-
null	chr20	64194442	-
