start,original,het,hom
38885001,37.07,37.07,37.07
38885251,50.36,50.36,50.36
38885501,51.89,51.89,51.89
38885751,60.06,60.06,60.06
38886001,44.47,44.47,44.47
38886251,47.81,47.81,47.81
38886501,52.79,52.79,52.79
38886751,56.0,56.0,56.0
38887001,47.7,47.7,47.7
38887251,45.92,45.92,45.92
38887501,50.45,50.45,50.45
38887751,44.1,44.1,44.1
38888001,50.82,50.82,50.82
38888251,51.67,51.67,51.67
38888501,50.37,50.37,50.37
38888751,36.22,36.22,36.22
38889001,41.57,41.57,41.57
38889251,50.11,50.11,50.11
38889501,46.11,46.11,46.11
38889751,54.68,54.68,54.68
38890001,56.68,56.68,56.68
38890251,41.66,41.66,41.66
38890501,48.52,48.52,48.52
38890751,43.52,43.52,43.52
38891001,41.54,41.54,41.54
38891251,47.73,47.73,47.73
38891501,48.51,48.51,48.51
38891751,52.0,52.0,52.0
38892001,45.92,45.92,45.92
38892251,49.24,49.24,49.24
38892501,53.77,53.77,53.77
38892751,46.28,46.28,46.28
38893001,40.98,40.98,40.98
38893251,51.05,51.05,51.05
38893501,43.94,43.94,43.94
38893751,44.84,44.84,44.84
38894001,39.41,39.41,39.41
38894251,47.61,47.61,47.61
38894501,40.97,40.97,40.97
38894751,41.33,41.33,41.33
38895001,49.88,49.88,49.88
38895251,49.66,49.66,49.66
38895501,44.66,44.66,44.66
38895751,26.89,26.89,26.89
38896001,16.38,16.38,16.38
38896251,31.95,31.95,31.95
38896501,47.64,47.64,47.64
38896751,42.31,42.31,42.31
38897001,55.06,55.06,55.06
38897251,54.05,54.05,54.05
38897501,37.3,37.3,37.3
38897751,48.14,48.14,48.14
38898001,43.76,52.15,53.7
38898251,37.61,40.24,55.08
38898501,58.11,62.64,50.72
38898751,52.2,52.71,45.0
38899001,55.42,53.54,40.28
38899251,61.3,52.57,50.61
38899501,55.52,58.1,53.9
38899751,48.86,57.24,46.24
38900001,42.77,19.81,0.26
38900251,48.73,22.86,0.0
38900501,46.64,25.02,0.0
38900751,49.6,22.17,0.0
38901001,48.88,25.84,0.0
38901251,55.22,28.08,0.0
38901501,44.05,22.89,0.03
38901751,48.48,26.49,0.57
38902001,46.56,25.57,0.0
38902251,45.64,24.89,0.0
38902501,49.72,29.44,0.0
38902751,45.2,25.8,0.0
38903001,44.86,23.27,0.37
38903251,43.34,23.04,0.38
38903501,49.18,29.11,2.82
38903751,44.55,23.32,1.06
38904001,54.21,23.18,0.0
38904251,56.07,27.11,0.16
38904501,44.53,22.31,0.53
38904751,37.05,17.91,0.52
38905001,49.03,23.0,0.0
38905251,36.92,19.75,0.0
38905501,45.38,24.7,0.44
38905751,43.63,24.79,0.77
38906001,37.01,19.36,0.36
38906251,38.58,21.1,2.09
38906501,49.12,30.94,0.0
38906751,50.23,27.7,1.64
38907001,48.1,25.76,0.18
38907251,40.18,19.67,0.0
38907501,49.19,23.08,0.0
38907751,48.43,26.09,0.0
38908001,50.16,24.07,0.0
38908251,48.41,26.9,0.0
38908501,60.42,31.47,0.0
38908751,45.14,22.47,0.9
38909001,47.3,23.58,0.31
38909251,44.4,22.82,0.02
38909501,51.87,25.8,0.29
38909751,57.38,28.09,0.0
38910001,47.39,46.85,52.53
38910251,50.74,39.78,58.22
38910501,38.99,35.31,55.1
38910751,41.16,46.61,50.46
38911001,46.55,54.58,46.04
38911251,35.05,34.58,46.58
38911501,43.27,43.83,47.19
38911751,42.36,45.59,46.56
38912001,41.57,41.57,41.57
38912251,42.61,42.61,42.61
38912501,38.96,38.96,38.96
38912751,52.22,52.22,52.22
38913001,40.78,40.78,40.78
38913251,43.34,43.34,43.34
38913501,50.87,50.87,50.87
38913751,46.67,46.67,46.67
38914001,41.42,41.42,41.42
38914251,50.68,50.68,50.68
38914501,38.25,38.25,38.25
38914751,40.04,40.04,40.04
38915001,43.42,43.42,43.42
38915251,45.29,45.29,45.29
38915501,54.02,54.02,54.02
38915751,37.0,37.0,37.0
38916001,40.55,40.55,40.55
38916251,40.79,40.79,40.79
38916501,39.98,39.98,39.98
38916751,41.59,41.59,41.59
38917001,39.04,39.04,39.04
38917251,38.44,38.44,38.44
38917501,37.52,37.52,37.52
38917751,39.9,39.9,39.9
38918001,38.53,38.53,38.53
38918251,52.45,52.45,52.45
38918501,49.68,49.68,49.68
38918751,57.35,57.35,57.35
38919001,54.82,54.82,54.82
38919251,54.31,54.31,54.31
38919501,41.76,41.76,41.76
38919751,42.38,42.38,42.38
38920001,47.02,47.02,47.02
38920251,52.28,52.28,52.28
38920501,50.24,50.24,50.24
38920751,47.34,47.34,47.34
38921001,43.24,43.24,43.24
38921251,50.8,50.8,50.8
38921501,45.87,45.87,45.87
38921751,45.37,45.37,45.37
38922001,43.18,43.18,43.18
38922251,51.54,51.54,51.54
38922501,67.18,67.18,67.18
38922751,49.1,49.1,49.1
38923001,49.2,49.2,49.2
38923251,48.56,48.56,48.56
38923501,45.79,45.79,45.79
38923751,50.8,50.8,50.8
38924001,42.26,42.26,42.26
38924251,42.5,42.5,42.5
38924501,36.03,36.03,36.03
38924751,41.11,41.11,41.11
