cycle,real_R1,spike_R1,real_R2,spike_R2
1,35.92,36.01,35.71,35.8
2,36.18,36.15,35.86,35.9
3,36.25,36.27,35.95,36.04
4,36.31,36.26,36.04,35.96
5,36.32,36.38,36.04,36.15
6,36.31,36.38,35.99,36.22
7,36.35,36.41,35.99,36.21
8,36.33,36.31,36.08,36.09
9,36.35,36.35,36.04,36.1
10,36.34,36.4,36.04,36.05
11,36.36,36.28,36.1,36.17
12,36.39,36.34,36.03,36.05
13,36.31,36.29,36.08,35.95
14,36.33,36.32,36.02,36.0
15,36.33,36.28,36.05,36.03
16,36.32,36.36,36.05,36.03
17,36.35,36.26,36.05,36.06
18,36.31,36.37,36.04,36.01
19,36.38,36.35,36.1,35.94
20,36.27,36.27,36.05,36.02
21,36.3,36.23,36.04,35.97
22,36.3,36.23,36.0,36.05
23,36.28,36.23,35.9,35.92
24,36.3,36.27,36.01,35.93
25,36.31,36.3,35.94,35.94
26,36.21,36.28,35.98,35.94
27,36.2,36.27,35.94,36.08
28,36.22,36.24,35.98,36.01
29,36.23,36.18,35.89,35.95
30,36.25,36.24,35.93,35.92
31,36.22,36.2,35.95,35.9
32,36.19,36.28,35.96,36.02
33,36.23,36.19,35.92,35.98
34,36.22,36.25,35.87,35.99
35,36.16,36.25,35.85,35.99
36,36.18,36.24,35.87,35.94
37,36.17,36.29,35.88,35.96
38,36.14,36.25,35.83,35.95
39,36.13,36.16,35.88,35.93
40,36.16,36.26,35.86,35.94
41,36.04,36.17,35.78,35.87
42,36.16,36.13,35.84,35.87
43,36.16,36.15,35.77,35.82
44,36.15,36.13,35.8,35.86
45,36.12,36.15,35.77,35.93
46,36.18,36.15,35.74,35.84
47,36.14,36.13,35.6,35.87
48,36.13,36.08,35.76,35.84
49,36.1,36.19,35.69,35.82
50,36.15,35.99,35.78,35.82
51,36.07,36.15,35.74,35.82
52,36.14,36.12,35.73,35.73
53,36.12,36.1,35.66,35.83
54,36.06,36.19,35.7,35.75
55,36.0,36.17,35.67,35.82
56,36.13,36.16,35.68,35.81
57,36.13,36.08,35.7,35.78
58,36.04,36.09,35.65,35.76
59,36.03,36.12,35.65,35.7
60,36.04,36.03,35.6,35.73
61,36.07,36.13,35.62,35.7
62,36.08,36.07,35.61,35.8
63,36.08,36.2,35.59,35.61
64,36.01,36.07,35.58,35.81
65,36.0,36.06,35.6,35.82
66,35.96,36.05,35.58,35.77
67,36.03,36.05,35.63,35.74
68,35.96,36.01,35.58,35.77
69,36.04,36.06,35.63,35.65
70,35.99,36.14,35.53,35.65
71,36.02,36.1,35.6,35.67
72,35.99,36.0,35.52,35.76
73,35.96,35.99,35.61,35.55
74,35.91,35.98,35.57,35.63
75,36.03,36.02,35.42,35.68
76,35.96,36.04,35.47,35.57
77,35.93,36.02,35.47,35.62
78,36.03,35.93,35.51,35.5
79,35.88,35.9,35.46,35.57
80,35.96,35.92,35.55,35.62
81,35.88,35.98,35.49,35.57
82,35.87,35.94,35.44,35.57
83,35.84,35.89,35.38,35.6
84,35.92,36.02,35.43,35.45
85,35.86,35.91,35.53,35.49
86,35.85,35.98,35.42,35.54
87,35.81,36.02,35.36,35.62
88,35.83,35.99,35.49,35.55
89,35.79,35.87,35.42,35.43
90,35.79,35.84,35.43,35.35
91,35.72,35.82,35.28,35.28
92,35.86,35.87,35.3,35.45
93,35.83,35.84,35.38,35.48
94,35.84,35.86,35.33,35.42
95,35.76,35.85,35.33,35.34
96,35.81,35.82,35.35,35.38
97,35.76,35.82,35.35,35.43
98,35.83,35.75,35.15,35.41
99,35.8,35.7,35.31,35.33
100,35.77,35.9,35.23,35.39
101,35.74,35.73,35.26,35.5
102,35.73,35.84,35.22,35.36
103,35.73,35.87,35.29,35.32
104,35.79,35.77,35.29,35.34
105,35.73,35.76,35.2,35.27
106,35.76,35.69,35.08,35.22
107,35.8,35.83,35.19,35.19
108,35.71,35.75,35.22,35.17
109,35.68,35.76,35.13,35.1
110,35.72,35.68,35.21,35.16
111,35.73,35.58,35.16,35.2
112,35.72,35.63,35.12,35.25
113,35.65,35.74,35.06,35.17
114,35.66,35.78,35.12,35.27
115,35.54,35.69,35.18,35.02
116,35.66,35.74,34.99,35.27
117,35.63,35.8,35.06,35.25
118,35.63,35.71,35.03,35.18
119,35.55,35.67,34.89,35.19
120,35.59,35.76,35.0,35.19
121,35.55,35.5,35.05,35.06
122,35.65,35.56,34.97,34.91
123,35.59,35.57,34.99,34.99
124,35.6,35.59,34.97,35.03
125,35.66,35.58,34.98,35.0
126,35.57,35.48,34.92,35.02
127,35.55,35.48,34.98,34.99
128,35.49,35.47,34.92,35.03
129,35.53,35.59,34.95,35.02
130,35.5,35.44,34.84,34.98
131,35.47,35.48,34.93,35.04
132,35.5,35.55,34.97,35.04
133,35.55,35.5,34.82,34.88
134,35.51,35.59,34.82,35.0
135,35.47,35.56,34.69,35.03
136,35.42,35.41,34.8,35.02
137,35.43,35.25,34.66,34.76
138,35.44,35.34,34.71,34.59
139,35.48,35.31,34.7,34.79
140,35.4,35.31,34.66,34.58
141,35.49,35.34,34.75,34.6
142,35.37,35.24,34.64,34.63
143,35.28,35.27,34.74,34.67
144,35.25,35.27,34.49,34.64
145,35.21,35.25,34.42,34.65
146,35.14,35.28,34.41,34.64
147,35.32,35.29,34.5,34.72
148,35.25,35.24,34.67,34.63
149,35.13,35.26,34.64,34.62
150,35.17,35.32,34.6,34.61
151,34.63,35.33,33.85,34.83
