cycle,real_R1_sd,real_R1_q25,real_R1_q11,real_R1_q2,real_R2_sd,real_R2_q25,real_R2_q11,real_R2_q2,spike_R1_sd,spike_R1_q25,spike_R1_q11,spike_R1_q2,spike_R2_sd,spike_R2_q25,spike_R2_q11,spike_R2_q2
1,4.431,3.514,2.155,0.084,4.94,4.484,2.729,0.092,4.28,3.242,2.151,0.0,4.602,4.856,2.305,0.0
2,3.938,3.254,1.61,0.05,4.451,4.56,2.108,0.017,3.966,3.119,1.736,0.015,4.586,4.318,2.382,0.0
3,3.621,2.86,1.359,0.025,4.421,3.72,2.225,0.017,3.879,2.95,1.69,0.0,4.421,3.949,2.213,0.0
4,3.54,2.927,1.3,0.0,4.153,3.586,1.915,0.0,3.679,3.15,1.414,0.0,4.182,3.995,1.875,0.0
5,3.478,2.717,1.275,0.0,4.22,3.72,1.931,0.025,3.488,3.15,1.199,0.0,4.09,3.365,1.875,0.0
6,3.529,2.868,1.3,0.0,4.391,3.619,2.234,0.0,3.457,2.597,1.275,0.0,3.899,3.15,1.675,0.0
7,3.488,2.7,1.258,0.017,4.38,3.46,2.217,0.017,3.522,2.412,1.383,0.0,4.034,3.626,1.752,0.0
8,3.365,2.91,1.115,0.0,4.149,3.384,1.948,0.0,3.416,2.996,1.152,0.0,3.996,3.534,1.721,0.0
9,3.45,2.944,1.199,0.0,4.165,3.754,1.898,0.0,3.416,2.689,1.214,0.0,4.072,4.195,1.69,0.0
10,3.403,2.944,1.149,0.0,4.104,3.527,1.831,0.017,3.338,2.812,1.106,0.0,4.432,3.949,2.228,0.0
11,3.397,2.826,1.166,0.0,4.061,3.502,1.78,0.017,3.379,2.643,1.183,0.0,4.178,3.565,1.951,0.0
12,3.28,2.809,1.048,0.0,4.134,3.678,1.856,0.008,3.428,2.981,1.168,0.0,4.108,3.012,1.967,0.0
13,3.46,3.036,1.191,0.0,4.081,3.451,1.831,0.008,3.317,3.089,1.03,0.0,4.145,3.657,1.89,0.0
14,3.354,3.187,1.048,0.0,4.261,3.813,2.015,0.0,3.299,2.996,1.03,0.0,4.016,3.35,1.782,0.0
15,3.492,2.667,1.3,0.0,4.154,3.594,1.915,0.0,3.434,3.012,1.168,0.0,4.149,3.135,1.998,0.0
16,3.397,2.952,1.141,0.0,4.197,3.628,1.965,0.0,3.281,3.442,0.922,0.0,3.972,3.38,1.721,0.0
17,3.29,2.902,1.04,0.0,4.196,3.191,2.049,0.0,3.425,3.119,1.137,0.0,3.929,4.21,1.506,0.0
18,3.416,3.137,1.124,0.0,4.198,3.51,1.973,0.008,3.189,2.674,0.983,0.0,4.147,3.672,1.89,0.0
19,3.292,2.826,1.057,0.0,4.038,3.552,1.772,0.0,3.361,2.935,1.106,0.0,3.91,3.457,1.629,0.0
20,3.571,2.977,1.325,0.0,4.082,3.712,1.797,0.0,3.543,3.457,1.199,0.0,4.025,3.411,1.782,0.0
21,3.517,2.969,1.266,0.0,4.116,3.813,1.822,0.0,3.335,2.95,1.076,0.0,4.279,4.195,1.967,0.0
22,3.433,2.768,1.216,0.0,4.373,3.493,2.217,0.008,3.491,3.012,1.229,0.0,4.029,3.749,1.721,0.0
23,3.521,3.329,1.199,0.0,4.419,3.871,2.225,0.0,3.411,2.966,1.152,0.0,4.192,3.903,1.905,0.0
24,3.586,3.111,1.3,0.008,4.253,3.846,1.999,0.0,3.533,2.781,1.321,0.0,4.075,3.58,1.813,0.0
25,3.556,2.977,1.308,0.0,4.502,3.888,2.309,0.017,3.59,3.488,1.245,0.0,4.076,3.826,1.767,0.0
26,3.849,3.212,1.602,0.0,4.372,3.88,2.141,0.008,3.474,3.227,1.168,0.0,4.251,3.519,2.059,0.0
27,3.704,3.405,1.392,0.0,4.47,3.813,2.309,0.0,3.544,3.227,1.245,0.0,4.283,4.226,1.967,0.0
28,3.736,3.17,1.476,0.0,4.34,3.813,2.125,0.0,3.737,3.258,1.46,0.0,4.152,3.549,1.921,0.0
29,3.516,3.388,1.182,0.0,4.444,4.098,2.217,0.0,3.737,3.334,1.444,0.0,4.15,3.611,1.905,0.0
30,3.68,3.22,1.401,0.0,4.418,3.997,2.183,0.008,3.932,3.596,1.629,0.0,4.432,3.949,2.228,0.0
31,3.772,3.128,1.526,0.0,4.378,4.132,2.116,0.0,3.75,3.258,1.475,0.0,4.467,3.888,2.289,0.0
32,3.78,3.438,1.459,0.008,4.407,3.997,2.183,0.0,3.643,2.781,1.444,0.0,4.092,3.934,1.767,0.0
33,3.644,3.178,1.367,0.0,4.356,4.106,2.091,0.0,3.788,3.565,1.46,0.0,4.478,4.379,2.213,0.0
34,3.637,3.438,1.308,0.0,4.575,4.09,2.41,0.0,3.771,3.227,1.506,0.0,4.356,3.872,2.136,0.0
35,3.915,3.455,1.635,0.0,4.676,4.308,2.519,0.0,3.771,3.227,1.506,0.0,4.367,4.195,2.09,0.0
36,3.837,3.438,1.543,0.0,4.524,4.308,2.293,0.0,3.802,3.334,1.521,0.0,4.425,4.057,2.197,0.0
37,3.855,3.338,1.585,0.0,4.513,4.056,2.309,0.008,3.818,3.196,1.567,0.0,4.469,3.903,2.289,0.0
38,3.908,3.413,1.635,0.0,4.688,4.274,2.545,0.0,3.858,3.211,1.613,0.0,4.473,3.934,2.289,0.0
39,4.02,3.489,1.761,0.0,4.469,4.241,2.225,0.0,3.807,3.211,1.552,0.0,4.283,4.302,1.951,0.0
40,3.927,3.539,1.619,0.008,4.65,3.922,2.553,0.0,3.776,3.258,1.506,0.0,4.546,3.765,2.428,0.0
41,4.205,3.564,1.988,0.0,4.739,4.073,2.645,0.008,3.796,3.611,1.46,0.0,4.51,4.057,2.32,0.0
42,3.945,3.346,1.694,0.0,4.615,4.09,2.469,0.0,3.615,3.089,1.352,0.0,4.346,4.441,2.013,0.0
43,3.967,3.187,1.753,0.0,4.831,4.384,2.746,0.0,3.847,3.457,1.552,0.0,4.493,3.765,2.351,0.0
44,3.895,3.413,1.619,0.0,4.683,4.199,2.519,0.017,3.945,3.442,1.675,0.0,4.404,4.302,2.12,0.0
45,3.973,3.438,1.711,0.0,4.768,4.434,2.637,0.0,3.912,3.626,1.598,0.0,4.614,3.811,2.52,0.0
46,3.906,3.145,1.686,0.0,4.769,4.274,2.654,0.008,3.936,3.073,1.736,0.0,4.345,4.348,2.028,0.0
47,3.98,3.615,1.686,0.0,5.122,4.51,3.183,0.008,3.904,2.95,1.721,0.0,4.819,4.256,2.75,0.0
48,3.976,3.246,1.753,0.0,4.729,4.031,2.654,0.0,3.978,3.104,1.782,0.0,4.621,4.272,2.443,0.0
49,4.075,3.547,1.82,0.0,4.98,4.409,2.981,0.0,3.963,3.242,1.736,0.0,4.553,3.98,2.397,0.0
50,4.032,3.824,1.711,0.0,4.82,4.3,2.729,0.008,3.788,3.719,1.429,0.0,4.745,3.888,2.704,0.0
51,4.028,3.623,1.744,0.0,4.815,4.787,2.645,0.0,3.885,3.534,1.583,0.0,4.892,4.548,2.812,0.0
52,3.976,3.287,1.744,0.0,4.85,4.367,2.78,0.0,3.908,3.211,1.675,0.0,4.615,4.302,2.428,0.0
53,4.031,3.388,1.795,0.0,5.011,4.552,2.99,0.008,4.043,3.058,1.875,0.0,4.618,4.41,2.412,0.0
54,4.091,3.397,1.87,0.0,4.853,4.619,2.721,0.008,3.971,3.611,1.675,0.0,4.718,4.318,2.581,0.0
55,4.277,3.64,2.071,0.0,4.972,4.56,2.939,0.0,4.065,3.042,1.905,0.0,4.669,4.579,2.459,0.0
56,4.029,3.506,1.77,0.0,4.964,4.291,2.914,0.034,4.194,3.442,1.998,0.0,4.766,4.548,2.612,0.0
57,3.952,3.262,1.719,0.0,4.919,4.232,2.914,0.0,4.295,3.672,2.09,0.0,4.587,4.656,2.32,0.0
58,4.117,3.698,1.845,0.0,4.9,4.703,2.796,0.0,4.173,3.688,1.921,0.0,4.832,4.287,2.766,0.0
59,4.144,3.841,1.853,0.0,4.933,4.778,2.805,0.017,4.12,3.488,1.89,0.0,4.702,4.594,2.505,0.0
60,4.17,3.715,1.912,0.0,5.038,4.61,3.04,0.0,4.448,3.503,2.336,0.0,4.85,4.518,2.75,0.0
61,4.136,3.656,1.879,0.0,4.99,4.543,2.973,0.0,4.047,3.396,1.813,0.0,4.963,4.502,2.935,0.0
62,4.249,3.313,2.097,0.0,4.93,4.921,2.805,0.0,3.986,3.549,1.706,0.0,4.747,4.64,2.566,0.0
63,4.092,3.665,1.82,0.0,5.099,5.072,3.057,0.0,4.257,4.041,1.967,0.0,4.707,4.717,2.489,0.0
64,4.244,3.623,2.03,0.0,5.124,4.795,3.149,0.0,4.163,3.78,1.89,0.0,5.027,5.163,2.919,0.0
65,4.175,3.883,1.887,0.0,5.084,4.795,3.082,0.0,4.228,3.596,2.013,0.0,4.909,4.364,2.873,0.0
66,4.307,3.807,2.08,0.0,5.101,4.72,3.124,0.0,4.075,3.503,1.829,0.0,4.898,4.348,2.858,0.0
67,4.163,3.757,1.895,0.0,4.987,4.787,2.922,0.0,4.198,3.626,1.967,0.0,4.766,4.717,2.581,0.0
68,4.332,3.9,2.097,0.0,5.063,4.652,3.074,0.0,4.287,3.611,2.09,0.0,4.877,4.333,2.827,0.0
69,4.245,3.497,2.055,0.0,5.049,4.669,3.032,0.008,4.434,3.642,2.289,0.0,4.938,4.702,2.858,0.0
70,4.276,3.631,2.071,0.0,5.189,4.854,3.25,0.0,4.115,3.534,1.875,0.0,5.078,4.041,3.211,0.0
71,4.21,3.908,1.929,0.0,5.108,5.013,3.082,0.0,3.976,3.642,1.675,0.0,4.94,4.717,2.858,0.0
72,4.346,3.698,2.155,0.0,5.199,4.904,3.258,0.0,4.255,4.026,1.967,0.0,4.891,4.456,2.827,0.0
73,4.401,3.925,2.189,0.0,5.089,4.795,3.09,0.0,4.213,3.888,1.936,0.0,4.961,4.487,2.935,0.0
74,4.466,4.193,2.231,0.0,5.11,5.223,3.048,0.0,4.237,3.58,2.028,0.0,4.922,4.978,2.781,0.0
75,4.202,4.025,1.895,0.0,5.315,5.61,3.334,0.0,4.246,4.364,1.89,0.0,5.119,5.163,3.073,0.0
76,4.434,3.908,2.239,0.0,5.307,4.837,3.46,0.0,4.476,3.719,2.336,0.0,5.187,5.132,3.196,0.0
77,4.529,4.084,2.264,0.042,5.287,5.148,3.367,0.0,4.325,3.565,2.151,0.0,5.031,4.948,2.966,0.0
78,4.243,3.749,2.004,0.0,5.244,4.963,3.325,0.0,4.521,4.057,2.336,0.0,5.168,4.702,3.242,0.0
79,4.523,3.975,2.323,0.017,5.282,5.333,3.325,0.0,4.273,4.072,1.982,0.0,4.824,4.871,2.643,0.0
80,4.428,4.084,2.197,0.0,5.158,4.98,3.174,0.0,4.437,3.503,2.32,0.0,5.03,4.856,2.981,0.0
81,4.474,3.858,2.306,0.0,5.312,5.165,3.393,0.008,4.583,4.133,2.412,0.0,5.049,4.856,3.012,0.0
82,4.526,4.252,2.306,0.0,5.375,5.417,3.477,0.0,4.414,3.98,2.197,0.0,5.246,5.532,3.227,0.0
83,4.625,4.109,2.449,0.017,5.471,5.131,3.703,0.0,4.564,4.072,2.397,0.0,5.258,4.963,3.35,0.0
84,4.453,3.833,2.281,0.0,5.369,5.4,3.468,0.0,4.469,3.903,2.289,0.0,5.146,5.163,3.119,0.0
85,4.589,4.26,2.399,0.0,5.282,5.24,3.342,0.0,4.565,3.995,2.412,0.0,5.105,4.948,3.089,0.0
86,4.687,4.059,2.583,0.0,5.421,5.232,3.577,0.008,4.316,3.98,2.059,0.0,5.215,5.148,3.242,0.0
87,4.725,4.101,2.633,0.0,5.533,5.727,3.712,0.0,4.442,3.78,2.274,0.0,5.252,5.839,3.181,0.0
88,4.686,4.143,2.566,0.0,5.28,5.366,3.3,0.008,4.492,4.164,2.274,0.0,4.979,5.148,2.843,0.0
89,4.683,4.47,2.499,0.0,5.4,5.106,3.577,0.0,4.685,3.888,2.612,0.0,5.194,5.532,3.135,0.0
90,4.715,3.984,2.625,0.008,5.462,5.366,3.628,0.008,4.585,4.149,2.412,0.0,5.353,5.562,3.411,0.0
91,4.809,4.579,2.675,0.0,5.641,5.61,3.939,0.0,4.63,3.857,2.535,0.0,5.382,5.332,3.503,0.0
92,4.553,4.327,2.331,0.0,5.584,5.66,3.804,0.008,4.44,4.087,2.213,0.0,5.252,5.501,3.242,0.0
93,4.608,4.143,2.449,0.0,5.542,5.257,3.796,0.008,4.453,3.703,2.305,0.0,5.274,4.948,3.38,0.0
94,4.629,4.353,2.44,0.0,5.573,5.4,3.829,0.008,4.318,3.995,2.059,0.0,5.183,4.671,3.273,0.0
95,4.725,4.462,2.566,0.0,5.613,5.358,3.913,0.008,4.529,4.118,2.336,0.0,5.51,5.624,3.688,0.0
96,4.685,4.453,2.491,0.008,5.481,5.559,3.645,0.0,4.744,5.04,2.459,0.015,5.276,5.393,3.304,0.0
97,4.785,4.646,2.625,0.0,5.515,5.635,3.695,0.0,4.686,4.548,2.489,0.0,5.435,5.793,3.519,0.0
98,4.653,4.185,2.508,0.0,5.825,6.046,4.207,0.008,4.669,4.333,2.505,0.0,5.594,5.301,3.903,0.0
99,4.661,4.654,2.432,0.0,5.707,5.333,4.115,0.0,4.412,3.964,2.197,0.0,5.291,5.885,3.242,0.0
100,4.748,4.378,2.617,0.0,5.72,5.66,4.081,0.0,4.956,4.61,2.904,0.0,5.667,5.132,4.072,0.0
101,4.785,4.336,2.667,0.008,5.715,5.375,4.106,0.008,4.786,4.886,2.581,0.0,5.308,5.025,3.427,0.0
102,4.894,4.537,2.818,0.0,5.708,5.92,4.014,0.0,4.798,4.164,2.735,0.0,5.271,5.086,3.35,0.0
103,4.821,4.411,2.726,0.0,5.546,5.727,3.737,0.0,4.806,4.471,2.689,0.0,5.566,5.608,3.795,0.0
104,4.789,4.093,2.734,0.0,5.603,5.811,3.829,0.0,4.843,4.456,2.75,0.0,5.265,5.286,3.304,0.0
105,4.814,4.436,2.709,0.0,5.778,5.979,4.14,0.0,4.728,4.809,2.505,0.0,5.498,5.409,3.703,0.0
106,4.798,4.537,2.65,0.008,5.96,6.323,4.451,0.0,4.86,4.518,2.766,0.0,5.63,6.3,3.795,0.0
107,4.651,4.705,2.407,0.0,5.747,6.072,4.048,0.008,4.777,4.64,2.612,0.0,5.593,6.069,3.765,0.0
108,4.834,4.52,2.726,0.0,5.855,5.761,4.333,0.0,4.696,4.794,2.459,0.0,5.558,5.608,3.78,0.0
109,4.849,4.646,2.726,0.0,5.853,5.828,4.316,0.0,4.732,4.518,2.566,0.0,5.527,5.716,3.703,0.0
110,4.838,4.638,2.709,0.0,5.763,5.962,4.115,0.0,4.795,4.379,2.689,0.0,5.454,5.47,3.611,0.0
111,4.942,4.587,2.885,0.0,5.828,5.744,4.266,0.008,4.542,4.057,2.366,0.0,5.647,5.608,3.949,0.0
112,4.8,4.638,2.633,0.008,5.86,6.256,4.258,0.0,4.668,4.564,2.459,0.0,5.881,5.885,4.364,0.0
113,5.08,4.604,3.111,0.0,6.052,6.273,4.636,0.008,5.004,4.871,2.935,0.0,5.702,6.039,3.98,0.0
114,4.967,4.99,2.851,0.0,5.854,6.046,4.266,0.008,5.007,4.809,2.95,0.0,5.763,5.931,4.118,0.0
115,5.111,4.881,3.111,0.0,5.891,5.794,4.384,0.008,5.076,5.101,3.012,0.0,5.709,6.392,3.934,0.0
116,4.949,5.065,2.809,0.0,6.128,6.172,4.829,0.0,4.964,4.348,2.966,0.0,5.582,6.131,3.734,0.0
117,4.954,4.738,2.877,0.0,5.943,6.164,4.442,0.0,4.863,5.04,2.674,0.0,5.765,5.87,4.133,0.0
118,4.963,4.965,2.835,0.008,6.012,6.458,4.535,0.0,4.966,4.948,2.858,0.0,5.558,6.223,3.672,0.0
119,5.129,4.873,3.145,0.0,6.212,6.609,4.938,0.0,5.004,5.117,2.889,0.0,5.716,6.023,4.01,0.0
120,5.166,4.94,3.195,0.0,6.041,6.281,4.627,0.0,5.115,5.132,3.073,0.0,5.876,6.177,4.302,0.0
121,5.14,5.065,3.128,0.0,6.025,6.273,4.594,0.0,5.137,5.332,3.073,0.0,5.872,6.131,4.302,0.0
122,5.073,4.856,3.053,0.0,6.178,6.072,4.938,0.008,5.064,5.501,2.919,0.0,5.949,6.238,4.441,0.0
123,5.038,4.948,2.977,0.0,6.156,5.988,4.921,0.0,4.814,4.871,2.628,0.0,5.722,6.715,3.903,0.0
124,5.071,4.839,3.053,0.0,6.104,6.416,4.736,0.0,4.859,4.763,2.72,0.0,5.832,6.561,4.149,0.0
125,4.911,5.317,2.7,0.0,6.128,6.382,4.795,0.0,4.849,5.086,2.643,0.0,5.863,6.653,4.195,0.0
126,5.215,5.082,3.254,0.0,6.21,6.693,4.921,0.0,5.126,5.317,3.058,0.0,5.944,5.916,4.487,0.0
127,5.24,5.325,3.254,0.0,6.116,5.971,4.837,0.0,5.027,5.163,2.919,0.0,5.719,6.054,4.01,0.0
128,5.248,5.351,3.262,0.0,6.17,6.727,4.812,0.008,5.397,5.578,3.488,0.0,5.909,6.577,4.302,0.0
129,5.183,5.334,3.153,0.0,6.141,6.601,4.77,0.008,5.096,5.286,3.012,0.0,5.721,5.993,4.026,0.0
130,5.287,5.342,3.271,0.034,6.244,6.584,5.013,0.0,5.012,4.856,2.95,0.0,6.198,6.361,4.948,0.0
131,5.344,5.233,3.438,0.008,6.185,6.416,4.896,0.008,5.113,4.687,3.15,0.0,6.063,6.838,4.579,0.0
132,5.224,5.493,3.195,0.0,6.143,6.676,4.778,0.0,5.169,4.963,3.196,0.0,6.322,6.915,5.132,0.0
133,5.214,4.839,3.296,0.0,6.284,6.811,5.064,0.0,5.096,5.117,3.042,0.0,6.105,6.546,4.717,0.0
134,5.153,5.091,3.145,0.0,6.316,6.743,5.131,0.008,5.316,5.101,3.427,0.0,6.159,6.131,4.902,0.0
135,5.25,5.367,3.262,0.0,6.442,7.214,5.341,0.008,5.348,5.424,3.427,0.0,6.057,7.406,4.471,0.0
136,5.478,5.51,3.648,0.0,6.327,7.146,5.089,0.008,5.348,5.593,3.396,0.0,6.166,7.145,4.748,0.0
137,5.383,5.577,3.447,0.008,6.484,7.188,5.442,0.008,5.437,4.948,3.672,0.0,6.224,6.991,4.902,0.0
138,5.342,5.443,3.413,0.0,6.335,7.306,5.097,0.0,5.382,5.685,3.442,0.0,6.016,7.16,4.425,0.0
139,5.298,5.661,3.296,0.0,6.397,7.709,5.173,0.0,5.128,5.086,3.104,0.0,6.147,7.452,4.656,0.0
140,5.393,5.342,3.522,0.0,6.517,7.088,5.551,0.0,5.206,5.224,3.211,0.0,6.371,7.207,5.194,0.0
141,5.274,5.418,3.296,0.0,6.3,7.13,5.047,0.0,5.151,5.132,3.135,0.0,6.274,7.283,4.963,0.0
142,5.528,5.091,3.816,0.0,6.522,7.113,5.542,0.008,5.378,5.209,3.519,0.0,6.16,6.884,4.779,0.0
143,5.632,5.736,3.883,0.008,6.385,7.331,5.207,0.0,5.67,5.778,3.964,0.0,6.282,7.391,4.963,0.0
144,5.613,5.711,3.866,0.0,6.793,7.482,6.156,0.0,5.573,5.685,3.795,0.0,6.467,7.237,5.409,0.0
145,5.753,5.871,4.109,0.0,6.707,8.448,5.794,0.0,5.328,5.655,3.35,0.0,6.585,7.837,5.593,0.0
146,5.872,6.231,4.285,0.0,6.86,7.86,6.248,0.008,5.631,6.315,3.795,0.0,6.503,7.483,5.455,0.0
147,5.599,5.652,3.849,0.0,6.66,7.491,5.828,0.0,5.6,5.624,3.857,0.0,6.486,7.237,5.455,0.0
148,5.589,6.122,3.749,0.0,6.568,7.054,5.66,0.008,5.611,5.655,3.872,0.0,6.314,7.452,5.025,0.0
149,5.874,5.82,4.361,0.0,6.573,7.55,5.61,0.0,5.486,5.716,3.626,0.0,6.152,7.053,4.733,0.0
150,5.77,6.122,4.101,0.0,6.579,7.592,5.618,0.0,5.344,5.9,3.334,0.0,6.573,7.16,5.67,0.0
151,6.604,7.9,5.627,0.0,7.351,9.607,7.331,0.0,6.43,7.76,5.24,0.0,7.06,9.266,6.577,0.0
