asked,k,n,frac,lo,hi,validate,validate_n,graded,match
0.1,4,46,0.087,0.0343,0.2032,0.09,46,no,True
0.25,12,46,0.2609,0.156,0.4026,0.26,,yes,True
0.5,20,35,0.5714,0.4086,0.7202,0.57,,yes,True
0.75,31,45,0.6889,0.5433,0.8047,0.69,,yes,True
1.0,37,37,1.0,0.9059,1.0,1.0,,yes,True
0.1,7,41,0.1707,0.0853,0.3126,0.17,41,no,True
0.25,7,43,0.1628,0.0812,0.2997,0.16,,yes,True
0.5,21,52,0.4038,0.2816,0.5393,0.4,,yes,True
0.75,37,47,0.7872,0.651,0.8801,0.79,,yes,True
1.0,34,36,0.9444,0.8186,0.9846,0.94,,yes,True
0.1,2,28,0.0714,0.0198,0.2265,0.07,28,no,True
0.25,6,35,0.1714,0.081,0.3268,0.17,,yes,True
0.5,25,39,0.641,0.4842,0.7726,0.64,,yes,True
0.75,32,46,0.6957,0.5519,0.8092,0.7,,yes,True
1.0,40,41,0.9756,0.874,0.9957,0.98,,yes,True
0.1,7,42,0.1667,0.0832,0.306,0.17,42,no,True
0.25,4,34,0.1176,0.0467,0.2662,0.12,,yes,True
0.5,20,35,0.5714,0.4086,0.7202,0.57,,yes,True
0.75,34,50,0.68,0.5419,0.7924,0.68,,yes,True
1.0,31,31,1.0,0.8897,1.0,1.0,,yes,True
0.1,3,32,0.0938,0.0324,0.2422,0.09,32,no,True
0.25,14,45,0.3111,0.1953,0.4567,0.31,,yes,True
0.5,17,43,0.3953,0.2637,0.5442,0.4,,yes,True
0.75,24,34,0.7059,0.5383,0.8317,0.71,,yes,True
1.0,38,38,1.0,0.9082,1.0,1.0,,yes,True
