asked,k,n,frac,verdict,lo,hi,agrees
0.1,4,46,0.08695652173913043,too shallow,,,True
0.25,12,46,0.2608695652173913,PASS,0.08695652173913043,0.41304347826086957,True
0.5,20,35,0.5714285714285714,PASS,0.2857142857142857,0.7142857142857143,True
0.75,31,45,0.6888888888888889,PASS,0.5777777777777777,0.8888888888888888,True
1.0,37,37,1.0,PASS,0.918918918918919,1.0,True
0.1,7,41,0.17073170731707318,too shallow,,,True
0.25,7,43,0.16279069767441862,PASS,0.09302325581395349,0.4186046511627907,True
0.5,21,52,0.40384615384615385,PASS,0.3269230769230769,0.6730769230769231,True
0.75,37,47,0.7872340425531915,PASS,0.574468085106383,0.8936170212765957,True
1.0,34,36,0.9444444444444444,PASS,0.9166666666666666,1.0,True
0.1,2,28,0.07142857142857142,too shallow,,,True
0.25,6,35,0.17142857142857143,PASS,0.08571428571428572,0.45714285714285713,True
0.5,25,39,0.6410256410256411,PASS,0.28205128205128205,0.6923076923076923,True
0.75,32,46,0.6956521739130435,PASS,0.5652173913043478,0.8913043478260869,True
1.0,40,41,0.975609756097561,PASS,0.926829268292683,1.0,True
0.1,7,42,0.16666666666666666,too shallow,,,True
0.25,4,34,0.11764705882352941,PASS,0.08823529411764706,0.4411764705882353,True
0.5,20,35,0.5714285714285714,PASS,0.2857142857142857,0.7142857142857143,True
0.75,34,50,0.68,PASS,0.58,0.9,True
1.0,31,31,1.0,PASS,0.9354838709677419,1.0,True
0.1,3,32,0.09375,too shallow,,,True
0.25,14,45,0.3111111111111111,PASS,0.08888888888888889,0.4222222222222222,True
0.5,17,43,0.3953488372093023,PASS,0.3023255813953488,0.6976744186046512,True
0.75,24,34,0.7058823529411765,PASS,0.5294117647058824,0.9117647058823529,True
1.0,38,38,1.0,PASS,0.9210526315789473,1.0,True
