window	start	end	het_calls	hom_calls	hom_pos	alt	pileup	master
0	10017031	10021032	9	14				
1	39198625	39202626	5	1				
2	57870315	57874316	4	7				
3	54839096	54843097	10	3				
4	52256047	52260048	4	2				
5	5235027	5239028	0	1	5235756	T	hom:38	kept
6	18117392	18121393	6	0				
7	8913390	8917391	6	0				
8	34248085	34252086	0	3	34251310	A	hom:27	kept
8	34248085	34252086	0	3	34251517	A	hom:29	kept
8	34248085	34252086	0	3	34251648	G	hom:43	kept
9	52067325	52071326	15	0				
10	31164834	31168835	13	0				
11	32691841	32695842	1	1				
12	44727664	44731665	3	2				
13	26475546	26479547	2	21				
14	53930328	53934329	0	0				
15	15089828	15093829	1	3				
16	7298810	7302811	1	3				
17	33739506	33743507	0	0				
18	2902366	2906367	0	3	2902500	A	hom:44	kept
18	2902366	2906367	0	3	2904547	T	hom:30	kept
18	2902366	2906367	0	3	2904559	T	hom:28	kept
19	60949491	60953492	7	0				
20	57087246	57091247	7	0				
21	27159626	27163627	0	1	27161815	A	none:1	MISSED
22	30042506	30046507	0	0				
23	41764473	41768474	8	6				
24	52155750	52159751	0	1	52159066	C	hom:35	kept
25	52483077	52487078	8	0				
26	1141334	1145335	0	7	1141922	G	hom:33	kept
26	1141334	1145335	0	7	1142308	T	hom:46	kept
26	1141334	1145335	0	7	1143557	A	hom:44	kept
26	1141334	1145335	0	7	1144340	C	hom:36	kept
26	1141334	1145335	0	7	1144393	T	hom:35	kept
26	1141334	1145335	0	7	1144524	C	hom:29	kept
26	1141334	1145335	0	7	1145281	C	hom:41	kept
27	47696553	47700554	0	7	47696906	G	hom:33	kept
27	47696553	47700554	0	7	47697828	A	hom:41	kept
27	47696553	47700554	0	7	47697863	A	hom:43	kept
27	47696553	47700554	0	7	47698698	C	hom:36	kept
27	47696553	47700554	0	7	47698971	C	hom:39	kept
27	47696553	47700554	0	7	47699636	A	hom:32	kept
27	47696553	47700554	0	7	47700530	T	hom:28	kept
28	30889428	30893429	2	2				
29	18873141	18877142	4	0				
30	49421731	49425732	3	0				
31	54809656	54813657	1	0				
32	16351972	16355973	3	1				
33	40671635	40675636	1	0				
34	7860348	7864349	0	13	7860625	C	hom:32	kept
34	7860348	7864349	0	13	7860679	C	hom:36	kept
34	7860348	7864349	0	13	7860737	C	hom:26	kept
34	7860348	7864349	0	13	7860897	A	hom:41	kept
34	7860348	7864349	0	13	7861002	A	hom:45	kept
34	7860348	7864349	0	13	7861587	A	hom:41	kept
34	7860348	7864349	0	13	7861629	A	hom:42	kept
34	7860348	7864349	0	13	7861632	T	hom:42	kept
34	7860348	7864349	0	13	7861655	T	hom:43	kept
34	7860348	7864349	0	13	7861786	G	hom:35	kept
34	7860348	7864349	0	13	7862183	A	hom:32	kept
34	7860348	7864349	0	13	7863086	C	hom:42	kept
34	7860348	7864349	0	13	7863756	A	hom:44	kept
35	61493772	61497773	4	0				
36	22302342	22306343	7	7				
37	3052859	3056860	11	2				
38	2498011	2502012	0	0				
39	2707642	2711643	3	0				
40	44590303	44594304	3	0				
41	37333576	37337577	2	0				
42	1617732	1621733	3	0				
43	60138603	60142604	3	0				
44	26582183	26586184	2	10				
45	47069151	47073152	6	0				
46	15535739	15539740	0	1	15535991	A	hom:28	kept
47	29327763	29331764	15	4				
48	49711143	49715144	3	1				
49	2948894	2952895	1	0				
50	36408610	36412611	0	0				
51	15877475	15881476	8	1				
52	52251106	52255107	1	2				
53	30386138	30390139	4	0				
54	34273396	34277397	0	0				
55	38101778	38105779	3	0				
56	16642032	16646033	0	0				
57	24199562	24203563	7	1				
58	16493191	16497192	11	0				
59	46422536	46426537	1	0				
60	15682146	15686147	1	1				
61	52066338	52070339	13	0				
62	31843466	31847467	3	1				
63	20446914	20450915	0	1	20448171	G	hom:28	kept
64	2442149	2446150	9	3				
65	28929362	28933363	9	0				
66	57208906	57212907	2	0				
67	62489827	62493828	2	2				
68	38343017	38347018	3	4				
69	62887026	62891027	10	0				
70	44103645	44107646	0	1	44106117	C	hom:35	kept
71	7710904	7714905	10	2				
72	13475958	13479959	0	4	13476143	T	hom:24	kept
72	13475958	13479959	0	4	13476761	G	hom:24	kept
72	13475958	13479959	0	4	13479206	C	hom:32	kept
72	13475958	13479959	0	4	13479731	C	hom:31	kept
73	43235158	43239159	0	0				
74	49562591	49566592	2	2				
75	58710034	58714035	4	3				
76	20890422	20894423	0	0				
77	9112787	9116788	5	2				
78	50871728	50875729	0	0				
79	23326795	23330796	1	0				
80	61101047	61105048	21	2				
81	49417998	49421999	5	0				
82	48727271	48731272	0	0				
83	34608098	34612099	1	3				
84	29327121	29331122	14	4				
85	35072327	35076328	5	1				
86	56702752	56706753	4	0				
87	62081485	62085486	0	6	62082242	G	hom:40	kept
87	62081485	62085486	0	6	62082842	C	hom:18	kept
87	62081485	62085486	0	6	62083348	A	hom:39	kept
87	62081485	62085486	0	6	62084426	C	hom:39	kept
87	62081485	62085486	0	6	62084921	T	hom:33	kept
87	62081485	62085486	0	6	62085091	G	hom:38	kept
88	45983445	45987446	0	0				
89	13740599	13744600	1	2				
90	21358716	21362717	0	3	21359219	G	hom:30	kept
90	21358716	21362717	0	3	21361740	C	hom:29	kept
90	21358716	21362717	0	3	21362332	C	hom:28	kept
91	20069612	20073613	3	3				
92	40431866	40435867	2	0				
93	60222163	60226164	1	0				
94	34511620	34515621	0	3	34511988	G	hom:33	kept
94	34511620	34515621	0	3	34513297	G	hom:26	kept
94	34511620	34515621	0	3	34513848	C	hom:34	kept
95	57787347	57791348	5	0				
96	34909023	34913024	0	3	34911249	G	hom:46	kept
96	34909023	34913024	0	3	34912442	A	hom:43	kept
96	34909023	34913024	0	3	34912575	A	hom:44	kept
97	27397514	27401515	0	1	27397876	C	none:0	MISSED
98	40527272	40531273	4	1				
99	58263185	58267186	0	2	58263333	G	hom:31	kept
99	58263185	58267186	0	2	58266831	C	hom:37	kept
100	3316989	3320990	1	1				
101	33227486	33231487	1	0				
102	17290003	17294004	4	0				
103	50910919	50914920	0	0				
104	54512893	54516894	0	0				
105	28131314	28135315	0	1	28132619	A	none:0	MISSED
106	28804141	28808142	22	1				
107	45610182	45614183	4	0				
108	12610330	12614331	0	0				
109	25637263	25641264	6	0				
110	37829261	37833262	2	5				
111	60239143	60243144	11	0				
112	48180266	48184267	0	2	48180737	C	hom:31	kept
112	48180266	48184267	0	2	48181615	A	hom:22	kept
113	53065583	53069584	2	0				
114	46263977	46267978	8	1				
115	50540801	50544802	0	3	50542862	T	hom:46	kept
115	50540801	50544802	0	3	50543407	A	hom:40	kept
115	50540801	50544802	0	3	50543915	A	hom:42	kept
116	26145894	26149895	2	3				
117	6802741	6806742	0	0				
118	30458216	30462217	6	1				
119	45544032	45548033	2	1				
120	35119924	35123925	1	0				
121	8243144	8247145	1	1				
122	53240399	53244400	2	0				
123	11985606	11989607	6	0				
124	35959585	35963586	0	0				
125	57368193	57372194	0	0				
126	27390902	27394903	0	1	27393548	G	none:2	MISSED
127	25865355	25869356	15	0				
128	33862775	33866776	8	1				
129	50175081	50179082	0	9	50175286	C	hom:35	kept
129	50175081	50179082	0	9	50175594	A	hom:40	kept
129	50175081	50179082	0	9	50175629	A	hom:38	kept
129	50175081	50179082	0	9	50175649	C	hom:40	kept
129	50175081	50179082	0	9	50176054	C	hom:41	kept
129	50175081	50179082	0	9	50176126	C	hom:38	kept
129	50175081	50179082	0	9	50176455	C	hom:30	kept
129	50175081	50179082	0	9	50176825	G	hom:29	kept
129	50175081	50179082	0	9	50178876	G	hom:40	kept
130	2984742	2988743	0	0				
131	32495541	32499542	2	0				
132	3918382	3922383	0	2	3918993	A	hom:49	kept
132	3918382	3922383	0	2	3920578	T	hom:31	kept
133	21705059	21709060	1	0				
134	48203172	48207173	6	0				
135	57928554	57932555	3	0				
136	42259248	42263249	0	2	42260277	T	hom:39	kept
136	42259248	42263249	0	2	42261893	C	hom:32	kept
137	40807886	40811887	1	3				
138	39800728	39804729	0	0				
139	27414027	27418028	0	0				
140	44429915	44433916	2	1				
141	12431941	12435942	11	2				
142	12314171	12318172	5	1				
143	34704659	34708660	4	0				
144	16229507	16233508	1	4				
145	1825545	1829546	1	0				
146	52708932	52712933	1	1				
147	14389316	14393317	0	3	14389598	C	hom:34	kept
147	14389316	14393317	0	3	14391666	A	hom:33	kept
147	14389316	14393317	0	3	14392567	G	hom:30	kept
148	37213113	37217114	1	5				
149	62745955	62749956	2	1				
150	58733069	58737070	1	1				
151	37798371	37802372	3	0				
152	16581076	16585077	9	0				
153	28142506	28146507	0	1	28143536	G	none:2	MISSED
154	35478632	35482633	6	1				
155	24073764	24077765	0	0				
156	57872144	57876145	1	1				
157	39775153	39779154	0	0				
158	24707827	24711828	3	2				
159	31811808	31815809	2	0				
160	62052625	62056626	8	0				
161	19071039	19075040	6	0				
162	45239157	45243158	1	1				
163	37775409	37779410	1	3				
164	41865595	41869596	5	0				
165	49949217	49953218	7	1				
166	1383133	1387134	5	0				
167	26748975	26752976	0	3	26750937	T	none:7	MISSED
167	26748975	26752976	0	3	26751156	G	none:2	MISSED
167	26748975	26752976	0	3	26752225	C	none:5	MISSED
168	53590212	53594213	0	0				
169	58508882	58512883	8	0				
170	56061877	56065878	1	0				
171	60470504	60474505	4	0				
172	50694342	50698343	0	7	50695364	G	hom:46	kept
172	50694342	50698343	0	7	50695869	T	hom:46	kept
172	50694342	50698343	0	7	50695955	A	hom:41	kept
172	50694342	50698343	0	7	50696234	G	hom:42	kept
172	50694342	50698343	0	7	50696657	C	hom:43	kept
172	50694342	50698343	0	7	50697405	C	hom:26	kept
172	50694342	50698343	0	7	50697539	T	hom:32	kept
173	35393288	35397289	6	0				
174	55300459	55304460	0	0				
175	9673782	9677783	7	1				
176	35807910	35811911	0	0				
177	53170241	53174242	4	0				
178	38672088	38676089	2	3				
179	14789882	14793883	2	1				
180	29594461	29598462	8	1				
181	4766370	4770371	0	24	4766434	A	hom:29	kept
181	4766370	4770371	0	24	4766450	G	hom:35	kept
181	4766370	4770371	0	24	4766467	G	hom:35	kept
181	4766370	4770371	0	24	4766620	T	hom:48	kept
181	4766370	4770371	0	24	4766638	T	hom:44	kept
181	4766370	4770371	0	24	4766849	G	hom:48	kept
181	4766370	4770371	0	24	4766944	A	hom:34	kept
181	4766370	4770371	0	24	4766952	G	hom:31	kept
181	4766370	4770371	0	24	4766972	C	hom:33	kept
181	4766370	4770371	0	24	4767379	G	none:26	MISSED
181	4766370	4770371	0	24	4767430	G	hom:38	kept
181	4766370	4770371	0	24	4767672	T	hom:41	kept
181	4766370	4770371	0	24	4767931	T	hom:24	kept
181	4766370	4770371	0	24	4768050	A	hom:29	kept
181	4766370	4770371	0	24	4768113	T	hom:30	kept
181	4766370	4770371	0	24	4768252	G	hom:31	kept
181	4766370	4770371	0	24	4768953	T	hom:36	kept
181	4766370	4770371	0	24	4768954	G	hom:35	kept
181	4766370	4770371	0	24	4768959	G	hom:35	kept
181	4766370	4770371	0	24	4768960	A	hom:35	kept
181	4766370	4770371	0	24	4769017	C	hom:39	kept
181	4766370	4770371	0	24	4769050	T	hom:33	kept
181	4766370	4770371	0	24	4769055	G	hom:35	kept
181	4766370	4770371	0	24	4769097	T	hom:33	kept
182	33286196	33290197	7	0				
183	59385393	59389394	0	5	59386517	G	hom:36	kept
183	59385393	59389394	0	5	59387135	T	hom:40	kept
183	59385393	59389394	0	5	59387734	T	hom:35	kept
183	59385393	59389394	0	5	59388360	C	hom:31	kept
183	59385393	59389394	0	5	59388647	A	hom:39	kept
184	25477021	25481022	0	0				
185	39252007	39256008	0	0				
186	38205234	38209235	2	0				
187	14410996	14414997	0	3	14413662	A	hom:44	kept
187	14410996	14414997	0	3	14414242	T	hom:30	kept
187	14410996	14414997	0	3	14414947	C	hom:34	kept
188	34871217	34875218	3	2				
189	28742807	28746808	19	2				
190	33542773	33546774	0	0				
191	55583095	55587096	8	0				
192	24943769	24947770	16	1				
193	28811558	28815559	36	1				
194	24224896	24228897	19	0				
195	1106350	1110351	0	4	1109318	T	hom:22	kept
195	1106350	1110351	0	4	1110036	G	hom:37	kept
195	1106350	1110351	0	4	1110136	C	hom:29	kept
195	1106350	1110351	0	4	1110142	T	hom:28	kept
196	37136700	37140701	11	0				
197	37246138	37250139	0	2	37248607	C	hom:36	kept
197	37246138	37250139	0	2	37249658	C	hom:38	kept
198	42841668	42845669	0	2	42845109	C	hom:39	kept
198	42841668	42845669	0	2	42845262	C	hom:38	kept
199	53777389	53781390	9	0				
200	42100989	42104990	0	0				
201	23222258	23226259	6	0				
202	31745711	31749712	5	0				
203	41255600	41259601	10	2				
204	2877369	2881370	0	2	2879409	C	hom:33	kept
204	2877369	2881370	0	2	2880957	G	hom:43	kept
205	54993744	54997745	0	0				
206	16408532	16412533	6	1				
207	43639032	43643033	0	8	43639390	C	hom:35	kept
207	43639032	43643033	0	8	43639701	T	hom:29	kept
207	43639032	43643033	0	8	43639968	T	hom:34	kept
207	43639032	43643033	0	8	43641104	G	hom:28	kept
207	43639032	43643033	0	8	43641218	G	hom:29	kept
207	43639032	43643033	0	8	43642197	T	hom:38	kept
207	43639032	43643033	0	8	43642281	C	hom:46	kept
207	43639032	43643033	0	8	43642734	G	hom:42	kept
208	12892446	12896447	4	0				
209	37960627	37964628	4	0				
210	40222505	40226506	4	0				
211	13132208	13136209	2	0				
212	58781326	58785327	1	0				
213	7147266	7151267	0	0				
214	54582330	54586331	0	0				
215	37978939	37982940	6	0				
216	54492311	54496312	0	0				
217	58128031	58132032	3	0				
218	55790184	55794185	1	0				
219	18132493	18136494	2	0				
220	3178295	3182296	8	4				
221	57488539	57492540	5	0				
222	46171884	46175885	0	1	46172387	G	hom:42	kept
223	5728052	5732053	6	0				
224	6585748	6589749	0	3	6586318	T	hom:33	kept
224	6585748	6589749	0	3	6588127	A	hom:37	kept
224	6585748	6589749	0	3	6588721	T	hom:26	kept
225	59255734	59259735	0	0				
226	2120089	2124090	5	0				
227	31400234	31404235	6	2				
228	1977103	1981104	6	0				
229	51609833	51613834	8	1				
230	51706570	51710571	10	0				
231	19870789	19874790	8	0				
232	17747636	17751637	0	1	17750547	G	hom:39	kept
233	19028241	19032242	3	0				
234	8347657	8351658	3	1				
235	54505072	54509073	1	0				
236	42929758	42933759	0	0				
237	13388979	13392980	0	6	13391739	A	hom:31	kept
237	13388979	13392980	0	6	13391778	T	hom:34	kept
237	13388979	13392980	0	6	13391794	C	hom:30	kept
237	13388979	13392980	0	6	13391795	A	hom:30	kept
237	13388979	13392980	0	6	13391796	A	hom:30	kept
237	13388979	13392980	0	6	13391810	A	hom:38	kept
238	24113827	24117828	4	0				
239	20480651	20484652	1	0				
240	5665098	5669099	9	5				
241	12238742	12242743	1	0				
242	11712287	11716288	0	5	11713297	G	hom:30	kept
242	11712287	11716288	0	5	11713578	T	hom:33	kept
242	11712287	11716288	0	5	11713935	A	hom:34	kept
242	11712287	11716288	0	5	11715760	G	hom:37	kept
242	11712287	11716288	0	5	11715845	C	hom:42	kept
243	18127263	18131264	6	0				
244	36391899	36395900	0	0				
245	12284016	12288017	9	0				
246	45067472	45071473	0	4	45067662	G	hom:36	kept
246	45067472	45071473	0	4	45067815	T	hom:45	kept
246	45067472	45071473	0	4	45069087	A	hom:46	kept
246	45067472	45071473	0	4	45069531	G	hom:44	kept
247	19314977	19318978	0	8	19315322	C	hom:31	kept
247	19314977	19318978	0	8	19316718	A	hom:31	kept
247	19314977	19318978	0	8	19317062	T	hom:32	kept
247	19314977	19318978	0	8	19317128	C	hom:26	kept
247	19314977	19318978	0	8	19317705	T	hom:33	kept
247	19314977	19318978	0	8	19318071	C	hom:41	kept
247	19314977	19318978	0	8	19318144	G	hom:35	kept
247	19314977	19318978	0	8	19318444	C	hom:39	kept
248	44500153	44504154	2	1				
249	48753991	48757992	0	0				
250	20763075	20767076	4	0				
251	31514509	31518510	1	0				
252	48152402	48156403	15	0				
253	22609172	22613173	0	12	22609245	A	hom:36	kept
253	22609172	22613173	0	12	22609266	G	hom:34	kept
253	22609172	22613173	0	12	22609912	T	hom:30	kept
253	22609172	22613173	0	12	22609914	T	hom:30	kept
253	22609172	22613173	0	12	22610197	G	hom:24	kept
253	22609172	22613173	0	12	22610325	G	hom:21	kept
253	22609172	22613173	0	12	22610530	G	hom:27	kept
253	22609172	22613173	0	12	22610551	C	hom:34	kept
253	22609172	22613173	0	12	22611326	C	hom:36	kept
253	22609172	22613173	0	12	22611348	A	hom:34	kept
253	22609172	22613173	0	12	22611792	T	hom:40	kept
253	22609172	22613173	0	12	22612728	C	hom:34	kept
254	34319125	34323126	0	1	34319283	C	hom:31	kept
255	32794234	32798235	8	0				
256	8663204	8667205	8	0				
257	2586089	2590090	4	1				
258	21938296	21942297	5	1				
259	26941408	26945409	0	1	26942663	G	none:0	MISSED
260	24041323	24045324	2	0				
261	29247374	29251375	14	2				
262	54432279	54436280	1	1				
263	13619104	13623105	3	1				
264	18342328	18346329	15	1				
265	8298873	8302874	0	0				
266	18009288	18013289	5	5				
267	61385797	61389798	0	2	61388053	G	hom:28	kept
267	61385797	61389798	0	2	61389746	A	hom:33	kept
268	49999686	50003687	4	0				
269	35233303	35237304	0	2	35233774	A	hom:38	kept
269	35233303	35237304	0	2	35236029	C	hom:33	kept
270	15031858	15035859	0	0				
271	41644392	41648393	6	0				
272	29967913	29971914	0	6	29969682	C	none:1	MISSED
272	29967913	29971914	0	6	29969795	T	none:1	MISSED
272	29967913	29971914	0	6	29969840	G	none:2	MISSED
272	29967913	29971914	0	6	29970040	A	hom:10	kept
272	29967913	29971914	0	6	29970918	A	none:0	MISSED
272	29967913	29971914	0	6	29971153	T	none:0	MISSED
273	55830603	55834604	0	12	55830898	G	hom:31	kept
273	55830603	55834604	0	12	55831073	G	hom:41	kept
273	55830603	55834604	0	12	55831267	A	hom:35	kept
273	55830603	55834604	0	12	55831348	T	hom:35	kept
273	55830603	55834604	0	12	55831629	G	hom:21	kept
273	55830603	55834604	0	12	55831855	A	hom:20	kept
273	55830603	55834604	0	12	55832508	G	hom:33	kept
273	55830603	55834604	0	12	55833038	A	hom:38	kept
273	55830603	55834604	0	12	55833415	T	hom:33	kept
273	55830603	55834604	0	12	55834048	A	hom:26	kept
273	55830603	55834604	0	12	55834075	T	hom:29	kept
273	55830603	55834604	0	12	55834561	A	hom:37	kept
274	2397079	2401080	6	0				
275	16124594	16128595	8	0				
276	2198867	2202868	1	5				
277	27663383	27667384	0	1	27667031	T	none:0	MISSED
278	10828881	10832882	1	0				
279	3370690	3374691	1	0				
280	49240231	49244232	1	6				
281	11752691	11756692	0	3	11752983	T	hom:26	kept
281	11752691	11756692	0	3	11754553	T	hom:40	kept
281	11752691	11756692	0	3	11755985	C	hom:26	kept
282	30908307	30912308	8	1				
283	48285283	48289284	2	0				
284	34977842	34981843	4	2				
285	46511607	46515608	4	0				
286	29633005	29637006	19	0				
287	37554343	37558344	0	4	37554882	T	hom:47	kept
287	37554343	37558344	0	4	37555280	A	hom:45	kept
287	37554343	37558344	0	4	37555717	G	hom:30	kept
287	37554343	37558344	0	4	37557911	A	hom:35	kept
288	56851010	56855011	6	8				
289	15804198	15808199	5	0				
290	43330381	43334382	0	1	43333267	T	hom:30	kept
291	54540180	54544181	0	0				
292	47644075	47648076	6	0				
293	35668406	35672407	1	0				
294	31255697	31259698	3	2				
295	15978415	15982416	10	4				
296	36158027	36162028	2	0				
297	44520529	44524530	3	0				
298	3060260	3064261	18	6				
299	27501156	27505157	0	0				
300	46291945	46295946	0	6	46292509	A	hom:39	kept
300	46291945	46295946	0	6	46292992	G	hom:27	kept
300	46291945	46295946	0	6	46293037	A	hom:32	kept
300	46291945	46295946	0	6	46293218	C	hom:39	kept
300	46291945	46295946	0	6	46293788	A	hom:36	kept
300	46291945	46295946	0	6	46294078	C	hom:45	kept
301	39644368	39648369	0	0				
302	54914289	54918290	0	0				
303	22558441	22562442	0	0				
304	45280031	45284032	0	0				
305	43342194	43346195	0	6	43343388	C	hom:38	kept
305	43342194	43346195	0	6	43343951	A	hom:31	kept
305	43342194	43346195	0	6	43344194	C	hom:32	kept
305	43342194	43346195	0	6	43345078	G	hom:33	kept
305	43342194	43346195	0	6	43345079	C	hom:32	kept
305	43342194	43346195	0	6	43345274	G	hom:47	kept
306	29608467	29612468	5	0				
307	4945002	4949003	1	1				
308	50489515	50493516	11	1				
309	21039106	21043107	0	5	21040575	G	hom:39	kept
309	21039106	21043107	0	5	21040627	T	hom:43	kept
309	21039106	21043107	0	5	21041371	T	hom:33	kept
309	21039106	21043107	0	5	21041437	G	hom:36	kept
309	21039106	21043107	0	5	21042098	C	hom:49	kept
310	9434464	9438465	1	0				
311	15235916	15239917	6	0				
312	59756108	59760109	0	10	59756188	T	hom:28	kept
312	59756108	59760109	0	10	59757543	C	hom:30	kept
312	59756108	59760109	0	10	59757570	G	hom:35	kept
312	59756108	59760109	0	10	59757694	G	hom:46	kept
312	59756108	59760109	0	10	59757783	T	hom:40	kept
312	59756108	59760109	0	10	59758000	T	hom:38	kept
312	59756108	59760109	0	10	59758279	T	hom:31	kept
312	59756108	59760109	0	10	59758668	G	hom:26	kept
312	59756108	59760109	0	10	59759029	C	hom:37	kept
312	59756108	59760109	0	10	59759128	C	hom:36	kept
313	4183656	4187657	4	0				
314	21561258	21565259	0	2	21562272	G	hom:46	kept
314	21561258	21565259	0	2	21564461	C	hom:32	kept
315	5746400	5750401	14	0				
316	58613926	58617927	4	1				
317	6130214	6134215	0	4	6130313	G	hom:39	kept
317	6130214	6134215	0	4	6130922	G	hom:33	kept
317	6130214	6134215	0	4	6134124	G	hom:46	kept
317	6130214	6134215	0	4	6134139	G	hom:44	kept
318	21828150	21832151	0	3	21828785	C	hom:45	kept
318	21828150	21832151	0	3	21830885	C	hom:27	kept
318	21828150	21832151	0	3	21831480	T	hom:26	kept
319	62550660	62554661	4	0				
320	20990375	20994376	0	0				
321	50918399	50922400	0	0				
322	11617118	11621119	1	4				
323	28928847	28932848	10	1				
324	38912530	38916531	0	0				
325	17935465	17939466	8	2				
326	9750400	9754401	7	0				
327	1569100	1573101	13	2				
328	38629102	38633103	1	0				
329	59969759	59973760	1	0				
330	58077878	58081879	0	1	58078953	G	hom:33	kept
331	3544535	3548536	0	4	3544872	T	hom:31	kept
331	3544535	3548536	0	4	3547719	T	hom:40	kept
331	3544535	3548536	0	4	3547886	T	hom:36	kept
331	3544535	3548536	0	4	3547887	A	hom:36	kept
332	40633419	40637420	4	0				
333	55989950	55993951	0	0				
334	15602240	15606241	0	0				
335	61452536	61456537	1	0				
336	39270881	39274882	8	0				
337	31927287	31931288	2	1				
338	12510317	12514318	30	0				
339	56560311	56564312	1	3				
340	59235801	59239802	0	0				
341	59377089	59381090	1	1				
342	53346072	53350073	1	2				
343	48246193	48250194	7	4				
344	42806326	42810327	0	5	42806352	T	hom:39	kept
344	42806326	42810327	0	5	42808089	T	hom:40	kept
344	42806326	42810327	0	5	42808269	G	hom:28	kept
344	42806326	42810327	0	5	42809696	T	hom:30	kept
344	42806326	42810327	0	5	42810155	A	hom:36	kept
345	35149939	35153940	2	9				
346	3511440	3515441	1	1				
347	26365059	26369060	12	6				
348	14449116	14453117	3	3				
349	24282137	24286138	1	1				
350	7645479	7649480	1	6				
351	14808437	14812438	2	1				
352	39479061	39483062	5	2				
353	46241642	46245643	1	2				
354	61167508	61171509	4	0				
355	30054790	30058791	0	0				
356	40688807	40692808	0	0				
357	14027081	14031082	0	2	14027319	A	hom:38	kept
357	14027081	14031082	0	2	14028633	T	hom:31	kept
358	34041099	34045100	1	0				
359	8007790	8011791	1	0				
360	45691653	45695654	0	0				
361	27176519	27180520	0	0				
362	20869100	20873101	12	0				
363	34830072	34834073	1	2				
364	34541005	34545006	0	3	34541360	C	hom:35	kept
364	34541005	34545006	0	3	34544355	C	hom:32	kept
364	34541005	34545006	0	3	34544560	T	hom:49	kept
365	2154285	2158286	0	0				
366	22833577	22837578	3	1				
367	42079238	42083239	0	3	42079297	C	hom:34	kept
367	42079238	42083239	0	3	42082594	G	hom:39	kept
367	42079238	42083239	0	3	42083005	A	hom:41	kept
368	59493529	59497530	3	3				
369	27999554	28003555	1	0				
370	61376386	61380387	0	4	61376537	T	hom:42	kept
370	61376386	61380387	0	4	61377357	T	hom:39	kept
370	61376386	61380387	0	4	61378012	T	hom:32	kept
370	61376386	61380387	0	4	61380261	G	hom:49	kept
371	19881194	19885195	5	1				
372	2214199	2218200	0	8	2214589	G	hom:49	kept
372	2214199	2218200	0	8	2215186	C	hom:34	kept
372	2214199	2218200	0	8	2215913	C	hom:36	kept
372	2214199	2218200	0	8	2216709	G	hom:34	kept
372	2214199	2218200	0	8	2217262	A	hom:32	kept
372	2214199	2218200	0	8	2217642	A	hom:41	kept
372	2214199	2218200	0	8	2217970	A	hom:39	kept
372	2214199	2218200	0	8	2217989	A	hom:37	kept
373	11533762	11537763	0	0				
374	14479017	14483018	1	3				
375	58548316	58552317	6	0				
376	22994306	22998307	2	2				
377	55434620	55438621	0	0				
378	38805143	38809144	1	0				
379	53526133	53530134	5	0				
380	10069302	10073303	1	6				
381	23756323	23760324	0	14	23756722	T	hom:35	kept
381	23756323	23760324	0	14	23756800	C	hom:32	kept
381	23756323	23760324	0	14	23757066	A	hom:45	kept
381	23756323	23760324	0	14	23757333	G	hom:40	kept
381	23756323	23760324	0	14	23757918	C	hom:42	kept
381	23756323	23760324	0	14	23758120	T	hom:30	kept
381	23756323	23760324	0	14	23758147	G	hom:29	kept
381	23756323	23760324	0	14	23758867	T	hom:48	kept
381	23756323	23760324	0	14	23759065	G	hom:48	kept
381	23756323	23760324	0	14	23759474	T	hom:35	kept
381	23756323	23760324	0	14	23759524	A	hom:33	kept
381	23756323	23760324	0	14	23759618	T	hom:31	kept
381	23756323	23760324	0	14	23759660	C	hom:30	kept
381	23756323	23760324	0	14	23759954	T	hom:50	kept
382	29805836	29809837	10	0				
383	15296187	15300188	0	0				
384	18886891	18890892	2	0				
385	46261913	46265914	6	0				
386	7469636	7473637	26	0				
387	57217167	57221168	0	0				
388	26449943	26453944	4	10				
389	37750593	37754594	0	0				
390	24075370	24079371	0	0				
391	62367340	62371341	3	6				
392	60216405	60220406	0	7	60217552	C	hom:53	kept
392	60216405	60220406	0	7	60217976	T	hom:31	kept
392	60216405	60220406	0	7	60218473	C	hom:22	kept
392	60216405	60220406	0	7	60218624	G	hom:28	kept
392	60216405	60220406	0	7	60219685	G	hom:45	kept
392	60216405	60220406	0	7	60220034	C	hom:42	kept
392	60216405	60220406	0	7	60220081	A	hom:42	kept
393	57216608	57220609	1	0				
394	47111183	47115184	8	1				
395	36858282	36862283	2	6				
396	33514158	33518159	1	2				
397	52536331	52540332	4	0				
398	36736840	36740841	2	1				
399	16746453	16750454	4	3				
400	5383736	5387737	2	1				
401	49685144	49689145	2	1				
402	3711228	3715229	2	1				
403	6682794	6686795	4	3				
404	9926620	9930621	3	0				
405	12387981	12391982	1	1				
406	12177152	12181153	1	0				
407	62135355	62139356	12	0				
408	37118577	37122578	5	1				
409	15292053	15296054	0	0				
410	18985842	18989843	3	2				
411	51943424	51947425	0	3	51944474	C	hom:35	kept
411	51943424	51947425	0	3	51944559	C	hom:36	kept
411	51943424	51947425	0	3	51945122	T	hom:29	kept
412	23295811	23299812	0	0				
413	41279332	41283333	6	3				
414	34949601	34953602	8	2				
415	57447426	57451427	4	1				
416	18132304	18136305	2	0				
417	25703309	25707310	8	0				
418	23739944	23743945	0	14	23739966	C	hom:37	kept
418	23739944	23743945	0	14	23740035	A	hom:36	kept
418	23739944	23743945	0	14	23740111	G	hom:36	kept
418	23739944	23743945	0	14	23740340	T	hom:27	kept
418	23739944	23743945	0	14	23740503	C	hom:31	kept
418	23739944	23743945	0	14	23740623	G	hom:38	kept
418	23739944	23743945	0	14	23740822	C	hom:38	kept
418	23739944	23743945	0	14	23741218	G	hom:35	kept
418	23739944	23743945	0	14	23741355	G	hom:30	kept
418	23739944	23743945	0	14	23741383	A	hom:34	kept
418	23739944	23743945	0	14	23741682	C	hom:38	kept
418	23739944	23743945	0	14	23742428	A	hom:41	kept
418	23739944	23743945	0	14	23742520	T	hom:28	kept
418	23739944	23743945	0	14	23743696	G	hom:25	kept
419	23836155	23840156	0	14	23836184	A	hom:35	kept
419	23836155	23840156	0	14	23836386	C	hom:28	kept
419	23836155	23840156	0	14	23836824	T	hom:26	kept
419	23836155	23840156	0	14	23837264	T	hom:28	kept
419	23836155	23840156	0	14	23837355	T	hom:28	kept
419	23836155	23840156	0	14	23837918	A	hom:27	kept
419	23836155	23840156	0	14	23837980	T	hom:30	kept
419	23836155	23840156	0	14	23838511	A	hom:45	kept
419	23836155	23840156	0	14	23838994	A	hom:32	kept
419	23836155	23840156	0	14	23839316	A	hom:45	kept
419	23836155	23840156	0	14	23839372	T	hom:48	kept
419	23836155	23840156	0	14	23839595	T	hom:44	kept
419	23836155	23840156	0	14	23839827	C	hom:30	kept
419	23836155	23840156	0	14	23840064	C	hom:38	kept
420	8644566	8648567	10	0				
421	20543127	20547128	0	0				
422	16783300	16787301	1	0				
423	59211558	59215559	0	0				
424	41532581	41536582	1	6				
425	53314033	53318034	4	1				
426	48990128	48994129	1	0				
427	60543353	60547354	1	0				
428	33802331	33806332	4	0				
429	10082914	10086915	0	6	10083658	A	hom:41	kept
429	10082914	10086915	0	6	10083881	G	hom:36	kept
429	10082914	10086915	0	6	10085555	A	hom:33	kept
429	10082914	10086915	0	6	10086442	A	hom:35	kept
429	10082914	10086915	0	6	10086616	A	hom:32	kept
429	10082914	10086915	0	6	10086646	T	hom:25	kept
430	39920259	39924260	7	0				
431	37988424	37992425	3	0				
432	52690814	52694815	0	1	52691498	C	hom:34	kept
433	7997776	8001777	3	0				
434	22523554	22527555	0	5	22524953	A	hom:34	kept
434	22523554	22527555	0	5	22525502	G	hom:44	kept
434	22523554	22527555	0	5	22526386	G	hom:32	kept
434	22523554	22527555	0	5	22526517	A	hom:28	kept
434	22523554	22527555	0	5	22527253	A	hom:39	kept
435	3626493	3630494	4	0				
436	28286392	28290393	0	0				
437	5911927	5915928	4	1				
438	26516819	26520820	12	15				
439	59127574	59131575	0	2	59129324	T	hom:30	kept
439	59127574	59131575	0	2	59130430	C	hom:33	kept
440	53889599	53893600	0	1	53890967	C	hom:45	kept
441	10887040	10891041	1	1				
442	56600094	56604095	0	0				
443	9389765	9393766	2	0				
444	23877241	23881242	0	3	23879861	G	hom:34	kept
444	23877241	23881242	0	3	23880361	A	hom:43	kept
444	23877241	23881242	0	3	23881068	C	hom:45	kept
445	8696672	8700673	0	0				
446	42284435	42288436	0	1	42286770	C	hom:26	kept
447	40420278	40424279	1	0				
448	53472662	53476663	35	0				
449	26369810	26373811	6	3				
450	6144004	6148005	9	0				
451	39304499	39308500	0	0				
452	37928313	37932314	3	1				
453	16013197	16017198	4	2				
454	38981370	38985371	0	0				
455	6485697	6489698	0	11	6485758	C	hom:44	kept
455	6485697	6489698	0	11	6485997	A	hom:47	kept
455	6485697	6489698	0	11	6486834	T	hom:44	kept
455	6485697	6489698	0	11	6486958	T	hom:43	kept
455	6485697	6489698	0	11	6487197	G	hom:39	kept
455	6485697	6489698	0	11	6487724	G	hom:43	kept
455	6485697	6489698	0	11	6488868	A	hom:36	kept
455	6485697	6489698	0	11	6488949	A	hom:38	kept
455	6485697	6489698	0	11	6489388	C	hom:42	kept
455	6485697	6489698	0	11	6489447	A	hom:41	kept
455	6485697	6489698	0	11	6489618	G	hom:37	kept
456	18899520	18903521	11	0				
457	25487474	25491475	1	0				
458	60778437	60782438	12	3				
459	20834199	20838200	3	0				
460	38879385	38883386	9	0				
461	36855875	36859876	3	2				
462	8671623	8675624	4	2				
463	31720374	31724375	2	0				
464	61180505	61184506	8	1				
465	19601420	19605421	8	2				
466	8229683	8233684	1	4				
467	53815660	53819661	2	1				
468	4070346	4074347	3	7				
469	56550580	56554581	7	2				
470	20846637	20850638	4	0				
471	1830924	1834925	1	0				
472	42183161	42187162	0	2	42183672	T	hom:38	kept
472	42183161	42187162	0	2	42184561	C	hom:28	kept
473	45990563	45994564	0	1	45991599	T	hom:33	kept
474	1976310	1980311	5	0				
475	7152750	7156751	0	0				
476	28751826	28755827	9	1				
477	8724397	8728398	3	0				
478	56439973	56443974	7	0				
479	60395375	60399376	2	0				
480	54007829	54011830	1	2				
481	3685934	3689935	6	0				
482	13611238	13615239	1	0				
483	17081522	17085523	12	2				
484	53714826	53718827	0	4	53715558	C	hom:40	kept
484	53714826	53718827	0	4	53715753	C	hom:34	kept
484	53714826	53718827	0	4	53715833	G	hom:33	kept
484	53714826	53718827	0	4	53717174	C	none:7	MISSED
485	40379003	40383004	0	0				
486	29253743	29257744	35	5				
487	11872967	11876968	4	8				
488	8754978	8758979	3	0				
489	31259965	31263966	7	0				
490	12232912	12236913	1	0				
491	46693757	46697758	1	0				
492	17201441	17205442	2	0				
493	11666602	11670603	0	0				
494	50929425	50933426	0	0				
495	57708258	57712259	0	1	57711778	G	hom:40	kept
496	7901082	7905083	0	3	7901487	A	hom:31	kept
496	7901082	7905083	0	3	7901912	C	hom:23	kept
496	7901082	7905083	0	3	7902516	C	hom:34	kept
497	30199256	30203257	12	0				
498	62120365	62124366	3	1				
499	26385757	26389758	2	1				
