chr2	47470952	TTTCGATTTGCAGCAAATTGACTTCTTTA	T	0/1	38,52	40
chr2	47800290	TGG	T	0/1	42,51	45
chr2	47800293	TAA	T	0/1	43,49	37
chr2	47800623	T	TAAA	0/1	55,57	45
chr2	47800624	G	A	0/1	55,58	51
chr2	47801145	C	CG	0/1	36,46	48
chr3	37000977	G	GTA	0/1	40,43	42
chr3	37000980	A	T	0/1	40,41	47
chr3	37000984	GTTCACT	G	0/1	38,42	51
chr3	37047631	TGAA	T	0/1	48,56	36
chr7	5995572	ACTGT	A	0/1	39,53	49
chr9	21974795	A	AGGCTCCATGCTGCTCCCCGCCGCC	0/1	19,43	36
chr13	32332778	AAAAG	A	0/1	41,35	50
chr13	32333283	G	GA	0/1	34,41	46
chr14	23104903	CA	C	0/1	21,15	40
chr14	23104905	GCA	G	0/1	23,15	37
chr17	43057062	T	TG	0/1	38,53	48
chr17	43063345	TTTTC	T	0/1	35,41	47
chr17	43091771	TAGAC	T	0/1	41,37	45
chr17	43092039	ACTAGTATCTTC	A	0/1	32,42	46
chr17	43092418	T	C	0/1	29,36	56
chr17	43092436	CTAATGTTATTA	C	0/1	34,35	48
chr17	43092693	GAT	G	0/1	32,43	44
chr17	43092697	C	G	0/1	32,43	46
chr17	43124027	ACT	A	0/1	38,31	43
chr19	868115	C	T	0/1	16,23	53
chr19	14107728	G	GA	0/1	25,19	43
chr19	14107729	G	GGTATT	0/1	25,19	49
